2026-03-04 20:34:30,274 [DEBUG] [Thread-4] [root/watcher.py:90]: Config file modified: c:\users\nalli\.config\yasb\config.yaml
2026-03-04 20:34:30,324 [INFO] [MainThread] [root/controller.py:15]: Reloading Application because of config change.
2026-03-04 20:34:30,437 [INFO] [MainThread] [cli_server/cli_server.py:114]: Log pipe server stopped
2026-03-04 20:34:30,437 [DEBUG] [MainThread] [cli_server/cli_server.py:209]: CLI server stopped
2026-03-04 20:34:30,451 [INFO] [MainThread] [root/bar_manager.py:79]: Successfully loaded updated config and re-initialised all bars.
2026-03-04 20:34:30,624 [INFO] [MainThread] [root/bar_manager.py:104]: Stopping KomorebiEventListener...
2026-03-04 20:34:30,625 [INFO] [MainThread] [root/bar_manager.py:104]: Stopping SystemEventListener...
2026-03-04 20:34:30,650 [INFO] [MainThread] [root/bar_manager.py:104]: Stopping WindowsNotificationEventListener...
2026-03-04 20:34:30,675 [INFO] [Dummy-6] [root/event_listener.py:92]: Attempting to reconnect to Komorebi...
2026-03-04 20:34:31,607 [INFO] [MainThread] [root/log.py:95]: YASB v1.9.0
2026-03-04 20:34:31,610 [INFO] [CLIPipeServer] [cli_server/cli_server.py:215]: CLI server started v1.1.6
2026-03-04 20:34:31,612 [INFO] [MainThread] [cli_server/cli_server.py:106]: Log pipe server started
2026-03-04 20:34:31,674 [DEBUG] [MainThread] [qasync._windows._EventPoller/_windows.py:215]: Starting (proactor: <_IocpProactor overlapped#=0 result#=0>)...
2026-03-04 20:34:31,677 [DEBUG] [Dummy-3] [qasync._windows._EventWorker/_windows.py:195]: Thread started
2026-03-04 20:34:32,782 [INFO] [MainThread] [root/bar_manager.py:88]: Starting SystemEventListener...
2026-03-04 20:34:32,782 [INFO] [MainThread] [root/bar_manager.py:88]: Starting KomorebiEventListener...
2026-03-04 20:34:32,783 [INFO] [MainThread] [root/bar_manager.py:88]: Starting WindowsNotificationEventListener...
2026-03-04 20:34:32,785 [INFO] [MainThread] [root/watcher.py:65]: Watching directory: c:\users\nalli\.config\yasb
2026-03-04 20:34:32,785 [INFO] [MainThread] [root/watcher.py:104]: Created file watcher
2026-03-04 20:34:32,815 [INFO] [Dummy-6] [root/event_listener.py:51]: Created named pipe yasb-7379beeb-17db-11f1-bfe5-b7511526d57b
2026-03-04 20:34:32,930 [INFO] [MainThread] [root/update_service.py:429]: Background update checker started
2026-03-04 20:34:33,100 [INFO] [Dummy-6] [root/event_listener.py:125]: Komorebi connected to named pipe: yasb-7379beeb-17db-11f1-bfe5-b7511526d57b
2026-03-04 20:34:33,488 [INFO] [MainThread] [root/api.py:69]: Fetching new weather data at 2026-03-04 20:34:33.488035
2026-03-04 20:34:58,087 [DEBUG] [Thread-4] [root/watcher.py:90]: Config file modified: c:\users\nalli\.config\yasb\config.yaml
2026-03-04 20:34:58,134 [INFO] [MainThread] [root/controller.py:15]: Reloading Application because of config change.
2026-03-04 20:34:58,247 [INFO] [MainThread] [cli_server/cli_server.py:114]: Log pipe server stopped
2026-03-04 20:34:58,248 [DEBUG] [MainThread] [cli_server/cli_server.py:209]: CLI server stopped
2026-03-04 20:34:58,257 [INFO] [MainThread] [root/bar_manager.py:79]: Successfully loaded updated config and re-initialised all bars.
2026-03-04 20:34:58,414 [INFO] [MainThread] [root/bar_manager.py:104]: Stopping SystemEventListener...
2026-03-04 20:34:58,415 [INFO] [MainThread] [root/bar_manager.py:104]: Stopping KomorebiEventListener...
2026-03-04 20:34:58,415 [INFO] [MainThread] [root/bar_manager.py:104]: Stopping WindowsNotificationEventListener...
2026-03-04 20:34:58,465 [INFO] [Dummy-6] [root/event_listener.py:92]: Attempting to reconnect to Komorebi...
2026-03-04 20:34:59,262 [INFO] [MainThread] [root/log.py:95]: YASB v1.9.0
2026-03-04 20:34:59,263 [INFO] [CLIPipeServer] [cli_server/cli_server.py:215]: CLI server started v1.1.6
2026-03-04 20:34:59,263 [INFO] [MainThread] [cli_server/cli_server.py:106]: Log pipe server started
2026-03-04 20:34:59,299 [DEBUG] [MainThread] [qasync._windows._EventPoller/_windows.py:215]: Starting (proactor: <_IocpProactor overlapped#=0 result#=0>)...
2026-03-04 20:34:59,302 [DEBUG] [Dummy-3] [qasync._windows._EventWorker/_windows.py:195]: Thread started
2026-03-04 20:35:00,507 [INFO] [MainThread] [root/bar_manager.py:88]: Starting SystemEventListener...
2026-03-04 20:35:00,508 [INFO] [MainThread] [root/bar_manager.py:88]: Starting KomorebiEventListener...
2026-03-04 20:35:00,508 [INFO] [MainThread] [root/bar_manager.py:88]: Starting WindowsNotificationEventListener...
2026-03-04 20:35:00,514 [INFO] [MainThread] [root/watcher.py:65]: Watching directory: c:\users\nalli\.config\yasb
2026-03-04 20:35:00,514 [INFO] [MainThread] [root/watcher.py:104]: Created file watcher
2026-03-04 20:35:00,622 [INFO] [Dummy-6] [root/event_listener.py:51]: Created named pipe yasb-84004882-17db-11f1-838d-b7511526d57b
2026-03-04 20:35:00,678 [INFO] [MainThread] [root/update_service.py:429]: Background update checker started
2026-03-04 20:35:00,830 [INFO] [Dummy-6] [root/event_listener.py:125]: Komorebi connected to named pipe: yasb-84004882-17db-11f1-838d-b7511526d57b
2026-03-04 20:35:01,097 [INFO] [MainThread] [root/api.py:69]: Fetching new weather data at 2026-03-04 20:35:01.097340
2026-03-04 20:35:11,291 [DEBUG] [Thread-4] [root/watcher.py:90]: Config file modified: c:\users\nalli\.config\yasb\config.yaml
2026-03-04 20:35:11,342 [INFO] [MainThread] [root/controller.py:15]: Reloading Application because of config change.
2026-03-04 20:35:11,457 [INFO] [MainThread] [cli_server/cli_server.py:114]: Log pipe server stopped
2026-03-04 20:35:11,458 [DEBUG] [MainThread] [cli_server/cli_server.py:209]: CLI server stopped
2026-03-04 20:35:11,468 [INFO] [MainThread] [root/bar_manager.py:79]: Successfully loaded updated config and re-initialised all bars.
2026-03-04 20:35:11,650 [INFO] [MainThread] [root/bar_manager.py:104]: Stopping SystemEventListener...
2026-03-04 20:35:11,650 [INFO] [MainThread] [root/bar_manager.py:104]: Stopping KomorebiEventListener...
2026-03-04 20:35:11,650 [INFO] [MainThread] [root/bar_manager.py:104]: Stopping WindowsNotificationEventListener...
2026-03-04 20:35:11,687 [INFO] [Dummy-6] [root/event_listener.py:92]: Attempting to reconnect to Komorebi...
2026-03-04 20:35:12,569 [INFO] [MainThread] [root/log.py:95]: YASB v1.9.0
2026-03-04 20:35:12,570 [INFO] [CLIPipeServer] [cli_server/cli_server.py:215]: CLI server started v1.1.6
2026-03-04 20:35:12,572 [INFO] [MainThread] [cli_server/cli_server.py:106]: Log pipe server started
2026-03-04 20:35:12,635 [DEBUG] [MainThread] [qasync._windows._EventPoller/_windows.py:215]: Starting (proactor: <_IocpProactor overlapped#=0 result#=0>)...
2026-03-04 20:35:12,640 [DEBUG] [Dummy-3] [qasync._windows._EventWorker/_windows.py:195]: Thread started
2026-03-04 20:35:13,910 [INFO] [MainThread] [root/bar_manager.py:88]: Starting KomorebiEventListener...
2026-03-04 20:35:13,912 [INFO] [MainThread] [root/bar_manager.py:88]: Starting SystemEventListener...
2026-03-04 20:35:13,913 [INFO] [MainThread] [root/bar_manager.py:88]: Starting WindowsNotificationEventListener...
2026-03-04 20:35:13,916 [INFO] [MainThread] [root/watcher.py:65]: Watching directory: c:\users\nalli\.config\yasb
2026-03-04 20:35:13,917 [INFO] [MainThread] [root/watcher.py:104]: Created file watcher
2026-03-04 20:35:13,917 [INFO] [Dummy-6] [root/event_listener.py:51]: Created named pipe yasb-8bfd7a91-17db-11f1-97a1-b7511526d57b
2026-03-04 20:35:14,066 [INFO] [MainThread] [root/update_service.py:429]: Background update checker started
2026-03-04 20:35:14,214 [INFO] [Dummy-6] [root/event_listener.py:125]: Komorebi connected to named pipe: yasb-8bfd7a91-17db-11f1-97a1-b7511526d57b
2026-03-04 20:35:14,698 [INFO] [MainThread] [root/api.py:69]: Fetching new weather data at 2026-03-04 20:35:14.698385
2026-03-04 20:39:10,924 [DEBUG] [Thread-4] [root/watcher.py:90]: Config file modified: c:\users\nalli\.config\yasb\config.yaml
2026-03-04 20:39:11,986 [DEBUG] [Thread-4] [root/watcher.py:90]: Config file modified: c:\users\nalli\.config\yasb\config.yaml
2026-03-04 20:39:15,392 [DEBUG] [Thread-4] [root/watcher.py:90]: Config file modified: c:\users\nalli\.config\yasb\config.yaml
2026-03-04 20:39:16,613 [DEBUG] [Thread-4] [root/watcher.py:90]: Config file modified: c:\users\nalli\.config\yasb\config.yaml
2026-03-04 20:39:16,667 [ERROR] [MainThread] [root/config.py:121]: The config file 'C:\Users\nalli\.config\yasb\config.yaml' contains validation errors. Please fix:
widgets:
  update_check:
    str:
    - Input should be a valid string
    dict[str,any]:
    - Input should be a valid dictionary

2026-03-04 20:39:32,506 [DEBUG] [Thread-4] [root/watcher.py:90]: Config file modified: c:\users\nalli\.config\yasb\config.yaml
2026-03-04 20:39:32,552 [INFO] [MainThread] [root/controller.py:15]: Reloading Application because of config change.
2026-03-04 20:39:32,660 [INFO] [MainThread] [cli_server/cli_server.py:114]: Log pipe server stopped
2026-03-04 20:39:32,660 [DEBUG] [MainThread] [cli_server/cli_server.py:209]: CLI server stopped
2026-03-04 20:39:32,674 [INFO] [MainThread] [root/bar_manager.py:79]: Successfully loaded updated config and re-initialised all bars.
2026-03-04 20:39:32,896 [INFO] [MainThread] [root/bar_manager.py:104]: Stopping KomorebiEventListener...
2026-03-04 20:39:32,896 [INFO] [MainThread] [root/bar_manager.py:104]: Stopping SystemEventListener...
2026-03-04 20:39:32,897 [INFO] [MainThread] [root/bar_manager.py:104]: Stopping WindowsNotificationEventListener...
2026-03-04 20:39:32,915 [INFO] [Dummy-6] [root/event_listener.py:92]: Attempting to reconnect to Komorebi...
2026-03-04 20:39:33,797 [INFO] [MainThread] [root/log.py:95]: YASB v1.9.0
2026-03-04 20:39:33,798 [INFO] [CLIPipeServer] [cli_server/cli_server.py:215]: CLI server started v1.1.6
2026-03-04 20:39:33,799 [INFO] [MainThread] [cli_server/cli_server.py:106]: Log pipe server started
2026-03-04 20:39:33,849 [DEBUG] [MainThread] [qasync._windows._EventPoller/_windows.py:215]: Starting (proactor: <_IocpProactor overlapped#=0 result#=0>)...
2026-03-04 20:39:33,852 [DEBUG] [Dummy-3] [qasync._windows._EventWorker/_windows.py:195]: Thread started
2026-03-04 20:39:35,025 [INFO] [MainThread] [root/bar_manager.py:88]: Starting WindowsNotificationEventListener...
2026-03-04 20:39:35,028 [INFO] [MainThread] [root/bar_manager.py:88]: Starting KomorebiEventListener...
2026-03-04 20:39:35,029 [INFO] [MainThread] [root/bar_manager.py:88]: Starting SystemEventListener...
2026-03-04 20:39:35,033 [INFO] [MainThread] [root/watcher.py:65]: Watching directory: c:\users\nalli\.config\yasb
2026-03-04 20:39:35,033 [INFO] [MainThread] [root/watcher.py:104]: Created file watcher
2026-03-04 20:39:35,143 [INFO] [Dummy-6] [root/event_listener.py:51]: Created named pipe yasb-27a0d9a5-17dc-11f1-88ae-b7511526d57b
2026-03-04 20:39:35,189 [INFO] [MainThread] [root/update_service.py:429]: Background update checker started
2026-03-04 20:39:35,348 [INFO] [Dummy-6] [root/event_listener.py:125]: Komorebi connected to named pipe: yasb-27a0d9a5-17dc-11f1-88ae-b7511526d57b
2026-03-04 20:39:36,018 [INFO] [MainThread] [root/api.py:69]: Fetching new weather data at 2026-03-04 20:39:36.018406
2026-03-04 20:39:47,837 [DEBUG] [Thread-4] [root/watcher.py:84]: Stylesheet modified: c:\users\nalli\.config\yasb\styles.css
2026-03-04 20:39:49,143 [DEBUG] [Thread-4] [root/watcher.py:84]: Stylesheet modified: c:\users\nalli\.config\yasb\styles.css
2026-03-04 20:40:02,465 [DEBUG] [Thread-4] [root/watcher.py:90]: Config file modified: c:\users\nalli\.config\yasb\config.yaml
2026-03-04 20:40:02,516 [ERROR] [MainThread] [root/config.py:121]: The config file 'C:\Users\nalli\.config\yasb\config.yaml' contains validation errors. Please fix:
bars:
  primary-bar:
    widgets:
      right:
        4:
        - Input should be a valid string

2026-03-04 20:40:10,623 [DEBUG] [Thread-4] [root/watcher.py:90]: Config file modified: c:\users\nalli\.config\yasb\config.yaml
2026-03-04 20:40:10,661 [ERROR] [MainThread] [root/config.py:121]: The config file 'C:\Users\nalli\.config\yasb\config.yaml' contains validation errors. Please fix:
bars:
  primary-bar:
    widgets:
      right:
        4:
        - Input should be a valid string

2026-03-04 20:40:24,036 [DEBUG] [Thread-4] [root/watcher.py:90]: Config file modified: c:\users\nalli\.config\yasb\config.yaml
2026-03-04 20:40:24,091 [INFO] [MainThread] [root/controller.py:15]: Reloading Application because of config change.
2026-03-04 20:40:24,193 [INFO] [MainThread] [cli_server/cli_server.py:114]: Log pipe server stopped
2026-03-04 20:40:24,194 [DEBUG] [MainThread] [cli_server/cli_server.py:209]: CLI server stopped
2026-03-04 20:40:24,206 [INFO] [MainThread] [root/bar_manager.py:79]: Successfully loaded updated config and re-initialised all bars.
2026-03-04 20:40:24,449 [INFO] [MainThread] [root/bar_manager.py:104]: Stopping WindowsNotificationEventListener...
2026-03-04 20:40:24,450 [INFO] [MainThread] [root/bar_manager.py:104]: Stopping KomorebiEventListener...
2026-03-04 20:40:24,450 [INFO] [MainThread] [root/bar_manager.py:104]: Stopping SystemEventListener...
2026-03-04 20:40:24,460 [INFO] [Dummy-6] [root/event_listener.py:92]: Attempting to reconnect to Komorebi...
2026-03-04 20:40:25,408 [INFO] [MainThread] [root/log.py:95]: YASB v1.9.0
2026-03-04 20:40:25,410 [INFO] [CLIPipeServer] [cli_server/cli_server.py:215]: CLI server started v1.1.6
2026-03-04 20:40:25,411 [INFO] [MainThread] [cli_server/cli_server.py:106]: Log pipe server started
2026-03-04 20:40:25,485 [DEBUG] [MainThread] [qasync._windows._EventPoller/_windows.py:215]: Starting (proactor: <_IocpProactor overlapped#=0 result#=0>)...
2026-03-04 20:40:25,487 [DEBUG] [Dummy-3] [qasync._windows._EventWorker/_windows.py:195]: Thread started
2026-03-04 20:40:26,436 [WARNING] [MainThread] [root/widget_builder.py:40]: No widget config could be found for widget '
2026-03-04 20:40:26,529 [INFO] [MainThread] [root/bar_manager.py:88]: Starting KomorebiEventListener...
2026-03-04 20:40:26,529 [INFO] [MainThread] [root/bar_manager.py:88]: Starting SystemEventListener...
2026-03-04 20:40:26,530 [INFO] [MainThread] [root/bar_manager.py:88]: Starting WindowsNotificationEventListener...
2026-03-04 20:40:26,537 [ERROR] [MainThread] [root/widget_builder.py:97]: Failed to add undefined widget(s)  - The widget "" is undefined.
2026-03-04 20:40:26,573 [INFO] [Dummy-4] [root/event_listener.py:51]: Created named pipe yasb-46532f97-17dc-11f1-89b9-b7511526d57b
2026-03-04 20:40:26,618 [INFO] [MainThread] [root/watcher.py:65]: Watching directory: c:\users\nalli\.config\yasb
2026-03-04 20:40:26,618 [INFO] [MainThread] [root/watcher.py:104]: Created file watcher
2026-03-04 20:40:26,705 [INFO] [MainThread] [root/update_service.py:429]: Background update checker started
2026-03-04 20:40:26,804 [INFO] [Dummy-4] [root/event_listener.py:125]: Komorebi connected to named pipe: yasb-46532f97-17dc-11f1-89b9-b7511526d57b
2026-03-04 20:40:27,457 [INFO] [MainThread] [root/api.py:69]: Fetching new weather data at 2026-03-04 20:40:27.457094
2026-03-04 20:40:35,638 [DEBUG] [Thread-7] [root/watcher.py:90]: Config file modified: c:\users\nalli\.config\yasb\config.yaml
2026-03-04 20:40:35,679 [INFO] [MainThread] [root/controller.py:15]: Reloading Application because of config change.
2026-03-04 20:40:35,790 [INFO] [MainThread] [cli_server/cli_server.py:114]: Log pipe server stopped
2026-03-04 20:40:35,792 [DEBUG] [MainThread] [cli_server/cli_server.py:209]: CLI server stopped
2026-03-04 20:40:35,803 [INFO] [MainThread] [root/bar_manager.py:79]: Successfully loaded updated config and re-initialised all bars.
2026-03-04 20:40:36,043 [INFO] [MainThread] [root/bar_manager.py:104]: Stopping KomorebiEventListener...
2026-03-04 20:40:36,043 [INFO] [MainThread] [root/bar_manager.py:104]: Stopping SystemEventListener...
2026-03-04 20:40:36,044 [INFO] [MainThread] [root/bar_manager.py:104]: Stopping WindowsNotificationEventListener...
2026-03-04 20:40:36,089 [INFO] [Dummy-4] [root/event_listener.py:92]: Attempting to reconnect to Komorebi...
2026-03-04 20:40:37,158 [INFO] [MainThread] [root/log.py:95]: YASB v1.9.0
2026-03-04 20:40:37,159 [INFO] [CLIPipeServer] [cli_server/cli_server.py:215]: CLI server started v1.1.6
2026-03-04 20:40:37,161 [INFO] [MainThread] [cli_server/cli_server.py:106]: Log pipe server started
2026-03-04 20:40:37,221 [DEBUG] [MainThread] [qasync._windows._EventPoller/_windows.py:215]: Starting (proactor: <_IocpProactor overlapped#=0 result#=0>)...
2026-03-04 20:40:37,225 [DEBUG] [Dummy-3] [qasync._windows._EventWorker/_windows.py:195]: Thread started
2026-03-04 20:40:38,207 [WARNING] [MainThread] [root/widget_builder.py:40]: No widget config could be found for widget 'up
2026-03-04 20:40:38,316 [INFO] [MainThread] [root/bar_manager.py:88]: Starting KomorebiEventListener...
2026-03-04 20:40:38,317 [INFO] [MainThread] [root/bar_manager.py:88]: Starting SystemEventListener...
2026-03-04 20:40:38,317 [INFO] [MainThread] [root/bar_manager.py:88]: Starting WindowsNotificationEventListener...
2026-03-04 20:40:38,319 [ERROR] [MainThread] [root/widget_builder.py:97]: Failed to add undefined widget(s)  - The widget "up" is undefined.
2026-03-04 20:40:38,364 [INFO] [Dummy-4] [root/event_listener.py:51]: Created named pipe yasb-4d59badf-17dc-11f1-8fde-b7511526d57b
2026-03-04 20:40:38,405 [INFO] [MainThread] [root/watcher.py:65]: Watching directory: c:\users\nalli\.config\yasb
2026-03-04 20:40:38,405 [INFO] [MainThread] [root/watcher.py:104]: Created file watcher
2026-03-04 20:40:38,497 [INFO] [MainThread] [root/update_service.py:429]: Background update checker started
2026-03-04 20:40:38,623 [INFO] [Dummy-4] [root/event_listener.py:125]: Komorebi connected to named pipe: yasb-4d59badf-17dc-11f1-8fde-b7511526d57b
2026-03-04 20:40:38,868 [DEBUG] [Thread-7] [root/watcher.py:90]: Config file modified: c:\users\nalli\.config\yasb\config.yaml
2026-03-04 20:40:38,947 [DEBUG] [Thread-7] [root/watcher.py:90]: Config file modified: c:\users\nalli\.config\yasb\config.yaml
2026-03-04 20:40:39,509 [INFO] [MainThread] [root/controller.py:15]: Reloading Application because of config change.
2026-03-04 20:40:39,610 [INFO] [MainThread] [cli_server/cli_server.py:114]: Log pipe server stopped
2026-03-04 20:40:39,610 [DEBUG] [MainThread] [cli_server/cli_server.py:209]: CLI server stopped
2026-03-04 20:40:39,633 [INFO] [MainThread] [root/bar_manager.py:79]: Successfully loaded updated config and re-initialised all bars.
2026-03-04 20:40:39,900 [INFO] [MainThread] [root/api.py:69]: Fetching new weather data at 2026-03-04 20:40:39.900612
2026-03-04 20:40:40,689 [INFO] [MainThread] [root/bar_manager.py:104]: Stopping KomorebiEventListener...
2026-03-04 20:40:40,690 [INFO] [MainThread] [root/bar_manager.py:104]: Stopping SystemEventListener...
2026-03-04 20:40:40,691 [INFO] [MainThread] [root/bar_manager.py:104]: Stopping WindowsNotificationEventListener...
2026-03-04 20:40:40,727 [INFO] [Dummy-4] [root/event_listener.py:92]: Attempting to reconnect to Komorebi...
2026-03-04 20:40:41,142 [INFO] [MainThread] [root/log.py:95]: YASB v1.9.0
2026-03-04 20:40:41,145 [INFO] [CLIPipeServer] [cli_server/cli_server.py:215]: CLI server started v1.1.6
2026-03-04 20:40:41,147 [INFO] [MainThread] [cli_server/cli_server.py:106]: Log pipe server started
2026-03-04 20:40:41,148 [INFO] [MainThread] [root/main.py:46]: Waiting for previous YASB instance to exit...
2026-03-04 20:40:41,399 [INFO] [MainThread] [root/main.py:72]: Previous instance exited, continuing startup.
2026-03-04 20:40:41,453 [DEBUG] [MainThread] [qasync._windows._EventPoller/_windows.py:215]: Starting (proactor: <_IocpProactor overlapped#=0 result#=0>)...
2026-03-04 20:40:41,455 [DEBUG] [Dummy-3] [qasync._windows._EventWorker/_windows.py:195]: Thread started
2026-03-04 20:40:42,627 [INFO] [MainThread] [root/service.py:102]: UpdateCheckService initialized...
2026-03-04 20:40:42,752 [INFO] [MainThread] [root/bar_manager.py:88]: Starting SystemEventListener...
2026-03-04 20:40:42,753 [INFO] [MainThread] [root/bar_manager.py:88]: Starting WindowsNotificationEventListener...
2026-03-04 20:40:42,754 [INFO] [MainThread] [root/bar_manager.py:88]: Starting KomorebiEventListener...
2026-03-04 20:40:42,757 [INFO] [MainThread] [root/watcher.py:65]: Watching directory: c:\users\nalli\.config\yasb
2026-03-04 20:40:42,757 [INFO] [MainThread] [root/watcher.py:104]: Created file watcher
2026-03-04 20:40:42,891 [INFO] [Dummy-6] [root/event_listener.py:51]: Created named pipe yasb-4ffef628-17dc-11f1-8ade-b7511526d57b
2026-03-04 20:40:42,987 [INFO] [MainThread] [root/update_service.py:429]: Background update checker started
2026-03-04 20:40:43,072 [INFO] [Dummy-6] [root/event_listener.py:125]: Komorebi connected to named pipe: yasb-4ffef628-17dc-11f1-8ade-b7511526d57b
2026-03-04 20:40:43,408 [INFO] [MainThread] [root/api.py:69]: Fetching new weather data at 2026-03-04 20:40:43.408855
2026-03-04 20:50:42,775 [INFO] [MainThread] [root/api.py:69]: Fetching new weather data at 2026-03-04 20:50:42.775342
2026-03-04 20:54:10,704 [DEBUG] [Thread-4] [root/watcher.py:90]: Config file modified: c:\users\nalli\.config\yasb\config.yaml
2026-03-04 20:54:12,957 [DEBUG] [Thread-4] [root/watcher.py:90]: Config file modified: c:\users\nalli\.config\yasb\config.yaml
2026-03-04 20:54:13,013 [INFO] [MainThread] [root/controller.py:15]: Reloading Application because of config change.
2026-03-04 20:54:13,114 [INFO] [MainThread] [cli_server/cli_server.py:114]: Log pipe server stopped
2026-03-04 20:54:13,114 [DEBUG] [MainThread] [cli_server/cli_server.py:209]: CLI server stopped
2026-03-04 20:54:13,125 [INFO] [MainThread] [root/bar_manager.py:79]: Successfully loaded updated config and re-initialised all bars.
2026-03-04 20:54:13,214 [INFO] [MainThread] [root/bar_manager.py:104]: Stopping SystemEventListener...
2026-03-04 20:54:13,215 [INFO] [MainThread] [root/bar_manager.py:104]: Stopping WindowsNotificationEventListener...
2026-03-04 20:54:13,216 [INFO] [MainThread] [root/bar_manager.py:104]: Stopping KomorebiEventListener...
2026-03-04 20:54:13,260 [INFO] [Dummy-6] [root/event_listener.py:92]: Attempting to reconnect to Komorebi...
2026-03-04 20:54:14,125 [INFO] [MainThread] [root/log.py:95]: YASB v1.9.0
2026-03-04 20:54:14,126 [INFO] [CLIPipeServer] [cli_server/cli_server.py:215]: CLI server started v1.1.6
2026-03-04 20:54:14,127 [INFO] [MainThread] [cli_server/cli_server.py:106]: Log pipe server started
2026-03-04 20:54:14,189 [DEBUG] [MainThread] [qasync._windows._EventPoller/_windows.py:215]: Starting (proactor: <_IocpProactor overlapped#=0 result#=0>)...
2026-03-04 20:54:14,191 [DEBUG] [Dummy-3] [qasync._windows._EventWorker/_windows.py:195]: Thread started
2026-03-04 20:54:15,331 [INFO] [MainThread] [root/service.py:102]: UpdateCheckService initialized...
2026-03-04 20:54:15,454 [INFO] [MainThread] [root/bar_manager.py:88]: Starting SystemEventListener...
2026-03-04 20:54:15,454 [INFO] [MainThread] [root/bar_manager.py:88]: Starting KomorebiEventListener...
2026-03-04 20:54:15,455 [INFO] [MainThread] [root/bar_manager.py:88]: Starting WindowsNotificationEventListener...
2026-03-04 20:54:15,457 [INFO] [MainThread] [root/watcher.py:65]: Watching directory: c:\users\nalli\.config\yasb
2026-03-04 20:54:15,458 [INFO] [MainThread] [root/watcher.py:104]: Created file watcher
2026-03-04 20:54:15,647 [INFO] [Dummy-6] [root/event_listener.py:51]: Created named pipe yasb-34672c2f-17de-11f1-85eb-b7511526d57b
2026-03-04 20:54:15,694 [INFO] [MainThread] [root/update_service.py:429]: Background update checker started
2026-03-04 20:54:16,069 [INFO] [Dummy-6] [root/event_listener.py:125]: Komorebi connected to named pipe: yasb-34672c2f-17de-11f1-85eb-b7511526d57b
2026-03-04 20:54:16,579 [INFO] [MainThread] [root/api.py:69]: Fetching new weather data at 2026-03-04 20:54:16.579482
2026-03-04 20:54:16,935 [DEBUG] [Thread-4] [root/watcher.py:90]: Config file modified: c:\users\nalli\.config\yasb\config.yaml
2026-03-04 20:54:16,988 [INFO] [MainThread] [root/controller.py:15]: Reloading Application because of config change.
2026-03-04 20:54:17,097 [INFO] [MainThread] [cli_server/cli_server.py:114]: Log pipe server stopped
2026-03-04 20:54:17,097 [DEBUG] [MainThread] [cli_server/cli_server.py:209]: CLI server stopped
2026-03-04 20:54:17,109 [INFO] [MainThread] [root/bar_manager.py:79]: Successfully loaded updated config and re-initialised all bars.
2026-03-04 20:54:17,303 [INFO] [MainThread] [root/bar_manager.py:104]: Stopping SystemEventListener...
2026-03-04 20:54:17,303 [INFO] [MainThread] [root/bar_manager.py:104]: Stopping KomorebiEventListener...
2026-03-04 20:54:17,303 [INFO] [MainThread] [root/bar_manager.py:104]: Stopping WindowsNotificationEventListener...
2026-03-04 20:54:17,336 [INFO] [Dummy-6] [root/event_listener.py:92]: Attempting to reconnect to Komorebi...
2026-03-04 20:54:18,278 [INFO] [MainThread] [root/log.py:95]: YASB v1.9.0
2026-03-04 20:54:18,279 [INFO] [CLIPipeServer] [cli_server/cli_server.py:215]: CLI server started v1.1.6
2026-03-04 20:54:18,280 [INFO] [MainThread] [cli_server/cli_server.py:106]: Log pipe server started
2026-03-04 20:54:18,341 [DEBUG] [MainThread] [qasync._windows._EventPoller/_windows.py:215]: Starting (proactor: <_IocpProactor overlapped#=0 result#=0>)...
2026-03-04 20:54:18,345 [DEBUG] [Dummy-3] [qasync._windows._EventWorker/_windows.py:195]: Thread started
2026-03-04 20:54:19,572 [INFO] [MainThread] [root/service.py:102]: UpdateCheckService initialized...
2026-03-04 20:54:19,691 [INFO] [MainThread] [root/bar_manager.py:88]: Starting WindowsNotificationEventListener...
2026-03-04 20:54:19,693 [INFO] [MainThread] [root/bar_manager.py:88]: Starting KomorebiEventListener...
2026-03-04 20:54:19,693 [INFO] [MainThread] [root/bar_manager.py:88]: Starting SystemEventListener...
2026-03-04 20:54:19,695 [INFO] [MainThread] [root/watcher.py:65]: Watching directory: c:\users\nalli\.config\yasb
2026-03-04 20:54:19,695 [INFO] [MainThread] [root/watcher.py:104]: Created file watcher
2026-03-04 20:54:19,828 [INFO] [Dummy-6] [root/event_listener.py:51]: Created named pipe yasb-36ede0f2-17de-11f1-8379-b7511526d57b
2026-03-04 20:54:19,936 [INFO] [MainThread] [root/update_service.py:429]: Background update checker started
2026-03-04 20:54:20,194 [INFO] [Dummy-6] [root/event_listener.py:125]: Komorebi connected to named pipe: yasb-36ede0f2-17de-11f1-8379-b7511526d57b
2026-03-04 20:54:20,489 [INFO] [MainThread] [root/api.py:69]: Fetching new weather data at 2026-03-04 20:54:20.489556
2026-03-04 20:54:29,702 [DEBUG] [Thread-4] [root/watcher.py:84]: Stylesheet modified: c:\users\nalli\.config\yasb\styles.css
2026-03-04 20:54:58,289 [DEBUG] [Thread-4] [root/watcher.py:90]: Config file modified: c:\users\nalli\.config\yasb\config.yaml
2026-03-04 20:54:58,339 [INFO] [MainThread] [root/controller.py:15]: Reloading Application because of config change.
2026-03-04 20:54:58,454 [INFO] [MainThread] [cli_server/cli_server.py:114]: Log pipe server stopped
2026-03-04 20:54:58,455 [DEBUG] [MainThread] [cli_server/cli_server.py:209]: CLI server stopped
2026-03-04 20:54:58,467 [INFO] [MainThread] [root/bar_manager.py:79]: Successfully loaded updated config and re-initialised all bars.
2026-03-04 20:54:58,646 [INFO] [MainThread] [root/bar_manager.py:104]: Stopping WindowsNotificationEventListener...
2026-03-04 20:54:58,646 [INFO] [MainThread] [root/bar_manager.py:104]: Stopping KomorebiEventListener...
2026-03-04 20:54:58,647 [INFO] [MainThread] [root/bar_manager.py:104]: Stopping SystemEventListener...
2026-03-04 20:54:58,697 [INFO] [Dummy-6] [root/event_listener.py:92]: Attempting to reconnect to Komorebi...
2026-03-04 20:54:59,448 [INFO] [MainThread] [root/log.py:95]: YASB v1.9.0
2026-03-04 20:54:59,449 [INFO] [CLIPipeServer] [cli_server/cli_server.py:215]: CLI server started v1.1.6
2026-03-04 20:54:59,450 [INFO] [MainThread] [cli_server/cli_server.py:106]: Log pipe server started
2026-03-04 20:54:59,494 [DEBUG] [MainThread] [qasync._windows._EventPoller/_windows.py:215]: Starting (proactor: <_IocpProactor overlapped#=0 result#=0>)...
2026-03-04 20:54:59,496 [DEBUG] [Dummy-3] [qasync._windows._EventWorker/_windows.py:195]: Thread started
2026-03-04 20:55:00,587 [INFO] [MainThread] [root/service.py:102]: UpdateCheckService initialized...
2026-03-04 20:55:00,696 [INFO] [MainThread] [root/bar_manager.py:88]: Starting WindowsNotificationEventListener...
2026-03-04 20:55:00,698 [INFO] [MainThread] [root/bar_manager.py:88]: Starting SystemEventListener...
2026-03-04 20:55:00,699 [INFO] [MainThread] [root/bar_manager.py:88]: Starting KomorebiEventListener...
2026-03-04 20:55:00,701 [INFO] [MainThread] [root/watcher.py:65]: Watching directory: c:\users\nalli\.config\yasb
2026-03-04 20:55:00,701 [INFO] [MainThread] [root/watcher.py:104]: Created file watcher
2026-03-04 20:55:00,717 [INFO] [Dummy-6] [root/event_listener.py:51]: Created named pipe yasb-4f5efbc7-17de-11f1-a0ad-b7511526d57b
2026-03-04 20:55:00,895 [INFO] [MainThread] [root/update_service.py:429]: Background update checker started
2026-03-04 20:55:01,047 [INFO] [Dummy-6] [root/event_listener.py:125]: Komorebi connected to named pipe: yasb-4f5efbc7-17de-11f1-a0ad-b7511526d57b
2026-03-04 20:55:01,248 [INFO] [MainThread] [root/api.py:69]: Fetching new weather data at 2026-03-04 20:55:01.248433
2026-03-04 20:55:14,844 [DEBUG] [Thread-4] [root/watcher.py:90]: Config file modified: c:\users\nalli\.config\yasb\config.yaml
2026-03-04 20:55:16,143 [DEBUG] [Thread-4] [root/watcher.py:90]: Config file modified: c:\users\nalli\.config\yasb\config.yaml
2026-03-04 20:55:16,197 [ERROR] [MainThread] [root/config.py:121]: The config file 'C:\Users\nalli\.config\yasb\config.yaml' contains validation errors. Please fix:
bars:
  primary-bar:
    widgets:
      right:
        0:
        - Input should be a valid string

2026-03-04 20:55:19,045 [DEBUG] [Thread-4] [root/watcher.py:90]: Config file modified: c:\users\nalli\.config\yasb\config.yaml
2026-03-04 20:55:19,103 [INFO] [MainThread] [root/controller.py:15]: Reloading Application because of config change.
2026-03-04 20:55:19,218 [INFO] [MainThread] [cli_server/cli_server.py:114]: Log pipe server stopped
2026-03-04 20:55:19,218 [DEBUG] [MainThread] [cli_server/cli_server.py:209]: CLI server stopped
2026-03-04 20:55:19,228 [INFO] [MainThread] [root/bar_manager.py:79]: Successfully loaded updated config and re-initialised all bars.
2026-03-04 20:55:19,706 [INFO] [MainThread] [root/bar_manager.py:104]: Stopping WindowsNotificationEventListener...
2026-03-04 20:55:19,706 [INFO] [MainThread] [root/bar_manager.py:104]: Stopping SystemEventListener...
2026-03-04 20:55:19,707 [INFO] [MainThread] [root/bar_manager.py:104]: Stopping KomorebiEventListener...
2026-03-04 20:55:19,757 [INFO] [Dummy-6] [root/event_listener.py:92]: Attempting to reconnect to Komorebi...
2026-03-04 20:55:20,684 [INFO] [MainThread] [root/log.py:95]: YASB v1.9.0
2026-03-04 20:55:20,686 [INFO] [CLIPipeServer] [cli_server/cli_server.py:215]: CLI server started v1.1.6
2026-03-04 20:55:20,687 [INFO] [MainThread] [cli_server/cli_server.py:106]: Log pipe server started
2026-03-04 20:55:20,894 [DEBUG] [MainThread] [qasync._windows._EventPoller/_windows.py:215]: Starting (proactor: <_IocpProactor overlapped#=0 result#=0>)...
2026-03-04 20:55:20,900 [DEBUG] [Dummy-3] [qasync._windows._EventWorker/_windows.py:195]: Thread started
2026-03-04 20:55:21,799 [WARNING] [MainThread] [root/widget_builder.py:40]: No widget config could be found for widget '
2026-03-04 20:55:22,054 [INFO] [MainThread] [root/service.py:102]: UpdateCheckService initialized...
2026-03-04 20:55:22,168 [INFO] [MainThread] [root/bar_manager.py:88]: Starting KomorebiEventListener...
2026-03-04 20:55:22,169 [INFO] [MainThread] [root/bar_manager.py:88]: Starting WindowsNotificationEventListener...
2026-03-04 20:55:22,170 [INFO] [MainThread] [root/bar_manager.py:88]: Starting SystemEventListener...
2026-03-04 20:55:22,170 [ERROR] [MainThread] [root/widget_builder.py:97]: Failed to add undefined widget(s)  - The widget "" is undefined.
2026-03-04 20:55:22,226 [INFO] [Dummy-4] [root/event_listener.py:51]: Created named pipe yasb-5c2ae1d8-17de-11f1-b5cc-b7511526d57b
2026-03-04 20:55:22,274 [INFO] [MainThread] [root/watcher.py:65]: Watching directory: c:\users\nalli\.config\yasb
2026-03-04 20:55:22,274 [INFO] [MainThread] [root/watcher.py:104]: Created file watcher
2026-03-04 20:55:22,432 [INFO] [MainThread] [root/update_service.py:429]: Background update checker started
2026-03-04 20:55:22,505 [INFO] [Dummy-4] [root/event_listener.py:125]: Komorebi connected to named pipe: yasb-5c2ae1d8-17de-11f1-b5cc-b7511526d57b
2026-03-04 20:55:23,183 [DEBUG] [Thread-7] [root/watcher.py:90]: Config file modified: c:\users\nalli\.config\yasb\config.yaml
2026-03-04 20:55:23,612 [INFO] [MainThread] [root/api.py:69]: Fetching new weather data at 2026-03-04 20:55:23.612368
2026-03-04 20:55:23,748 [INFO] [MainThread] [root/controller.py:15]: Reloading Application because of config change.
2026-03-04 20:55:23,848 [INFO] [MainThread] [cli_server/cli_server.py:114]: Log pipe server stopped
2026-03-04 20:55:23,849 [DEBUG] [MainThread] [cli_server/cli_server.py:209]: CLI server stopped
2026-03-04 20:55:23,861 [INFO] [MainThread] [root/bar_manager.py:79]: Successfully loaded updated config and re-initialised all bars.
2026-03-04 20:55:24,575 [INFO] [MainThread] [root/bar_manager.py:104]: Stopping KomorebiEventListener...
2026-03-04 20:55:24,576 [INFO] [MainThread] [root/bar_manager.py:104]: Stopping WindowsNotificationEventListener...
2026-03-04 20:55:24,578 [INFO] [MainThread] [root/bar_manager.py:104]: Stopping SystemEventListener...
2026-03-04 20:55:24,580 [INFO] [Dummy-4] [root/event_listener.py:92]: Attempting to reconnect to Komorebi...
2026-03-04 20:55:25,383 [INFO] [MainThread] [root/log.py:95]: YASB v1.9.0
2026-03-04 20:55:25,383 [INFO] [CLIPipeServer] [cli_server/cli_server.py:215]: CLI server started v1.1.6
2026-03-04 20:55:25,384 [INFO] [MainThread] [cli_server/cli_server.py:106]: Log pipe server started
2026-03-04 20:55:25,422 [DEBUG] [MainThread] [qasync._windows._EventPoller/_windows.py:215]: Starting (proactor: <_IocpProactor overlapped#=0 result#=0>)...
2026-03-04 20:55:25,424 [DEBUG] [Dummy-3] [qasync._windows._EventWorker/_windows.py:195]: Thread started
2026-03-04 20:55:26,324 [WARNING] [MainThread] [root/widget_builder.py:40]: No widget config could be found for widget 'ca
2026-03-04 20:55:26,495 [INFO] [MainThread] [root/service.py:102]: UpdateCheckService initialized...
2026-03-04 20:55:26,639 [INFO] [MainThread] [root/bar_manager.py:88]: Starting WindowsNotificationEventListener...
2026-03-04 20:55:26,642 [INFO] [MainThread] [root/bar_manager.py:88]: Starting KomorebiEventListener...
2026-03-04 20:55:26,643 [INFO] [MainThread] [root/bar_manager.py:88]: Starting SystemEventListener...
2026-03-04 20:55:26,643 [ERROR] [MainThread] [root/widget_builder.py:97]: Failed to add undefined widget(s)  - The widget "ca" is undefined.
2026-03-04 20:55:26,713 [INFO] [Dummy-4] [root/event_listener.py:51]: Created named pipe yasb-5ed587e8-17de-11f1-85fe-b7511526d57b
2026-03-04 20:55:26,764 [INFO] [MainThread] [root/watcher.py:65]: Watching directory: c:\users\nalli\.config\yasb
2026-03-04 20:55:26,764 [INFO] [MainThread] [root/watcher.py:104]: Created file watcher
2026-03-04 20:55:27,102 [INFO] [MainThread] [root/update_service.py:429]: Background update checker started
2026-03-04 20:55:27,140 [INFO] [Dummy-4] [root/event_listener.py:125]: Komorebi connected to named pipe: yasb-5ed587e8-17de-11f1-85fe-b7511526d57b
2026-03-04 20:55:28,068 [INFO] [MainThread] [root/api.py:69]: Fetching new weather data at 2026-03-04 20:55:28.068855
2026-03-04 20:57:57,945 [DEBUG] [Thread-7] [root/watcher.py:84]: Stylesheet modified: c:\users\nalli\.config\yasb\styles.css
2026-03-04 20:58:08,324 [INFO] [MainThread] [root/controller.py:15]: Reloading Application from tray...
2026-03-04 20:58:08,429 [INFO] [MainThread] [cli_server/cli_server.py:114]: Log pipe server stopped
2026-03-04 20:58:08,430 [DEBUG] [MainThread] [cli_server/cli_server.py:209]: CLI server stopped
2026-03-04 20:58:08,733 [INFO] [MainThread] [root/bar_manager.py:104]: Stopping WindowsNotificationEventListener...
2026-03-04 20:58:08,734 [INFO] [MainThread] [root/bar_manager.py:104]: Stopping KomorebiEventListener...
2026-03-04 20:58:08,735 [INFO] [MainThread] [root/bar_manager.py:104]: Stopping SystemEventListener...
2026-03-04 20:58:08,781 [INFO] [Dummy-4] [root/event_listener.py:92]: Attempting to reconnect to Komorebi...
2026-03-04 20:58:09,603 [INFO] [MainThread] [root/log.py:95]: YASB v1.9.0
2026-03-04 20:58:09,604 [INFO] [CLIPipeServer] [cli_server/cli_server.py:215]: CLI server started v1.1.6
2026-03-04 20:58:09,604 [INFO] [MainThread] [cli_server/cli_server.py:106]: Log pipe server started
2026-03-04 20:58:09,638 [DEBUG] [MainThread] [qasync._windows._EventPoller/_windows.py:215]: Starting (proactor: <_IocpProactor overlapped#=0 result#=0>)...
2026-03-04 20:58:09,640 [DEBUG] [Dummy-3] [qasync._windows._EventWorker/_windows.py:195]: Thread started
2026-03-04 20:58:10,670 [INFO] [MainThread] [root/service.py:102]: UpdateCheckService initialized...
2026-03-04 20:58:10,788 [INFO] [MainThread] [root/bar_manager.py:88]: Starting KomorebiEventListener...
2026-03-04 20:58:10,789 [INFO] [MainThread] [root/bar_manager.py:88]: Starting SystemEventListener...
2026-03-04 20:58:10,789 [INFO] [MainThread] [root/bar_manager.py:88]: Starting WindowsNotificationEventListener...
2026-03-04 20:58:10,792 [INFO] [MainThread] [root/watcher.py:65]: Watching directory: c:\users\nalli\.config\yasb
2026-03-04 20:58:10,792 [INFO] [MainThread] [root/watcher.py:104]: Created file watcher
2026-03-04 20:58:10,967 [INFO] [Dummy-6] [root/event_listener.py:51]: Created named pipe yasb-c0ac522b-17de-11f1-a912-b7511526d57b
2026-03-04 20:58:11,026 [INFO] [MainThread] [root/update_service.py:429]: Background update checker started
2026-03-04 20:58:11,291 [INFO] [Dummy-6] [root/event_listener.py:125]: Komorebi connected to named pipe: yasb-c0ac522b-17de-11f1-a912-b7511526d57b
2026-03-04 20:58:11,906 [INFO] [MainThread] [root/api.py:69]: Fetching new weather data at 2026-03-04 20:58:11.906446
2026-03-04 21:01:18,031 [INFO] [MainThread] [root/controller.py:15]: Reloading Application from tray...
2026-03-04 21:01:18,139 [INFO] [MainThread] [cli_server/cli_server.py:114]: Log pipe server stopped
2026-03-04 21:01:18,140 [DEBUG] [MainThread] [cli_server/cli_server.py:209]: CLI server stopped
2026-03-04 21:01:18,444 [INFO] [MainThread] [root/bar_manager.py:104]: Stopping KomorebiEventListener...
2026-03-04 21:01:18,444 [INFO] [MainThread] [root/bar_manager.py:104]: Stopping SystemEventListener...
2026-03-04 21:01:18,444 [INFO] [MainThread] [root/bar_manager.py:104]: Stopping WindowsNotificationEventListener...
2026-03-04 21:01:18,490 [INFO] [Dummy-6] [root/event_listener.py:92]: Attempting to reconnect to Komorebi...
2026-03-04 21:01:19,136 [INFO] [MainThread] [root/log.py:95]: YASB v1.9.0
2026-03-04 21:01:19,137 [INFO] [CLIPipeServer] [cli_server/cli_server.py:215]: CLI server started v1.1.6
2026-03-04 21:01:19,138 [INFO] [MainThread] [cli_server/cli_server.py:106]: Log pipe server started
2026-03-04 21:01:19,197 [DEBUG] [MainThread] [qasync._windows._EventPoller/_windows.py:215]: Starting (proactor: <_IocpProactor overlapped#=0 result#=0>)...
2026-03-04 21:01:19,200 [DEBUG] [Dummy-3] [qasync._windows._EventWorker/_windows.py:195]: Thread started
2026-03-04 21:01:20,285 [INFO] [MainThread] [root/service.py:102]: UpdateCheckService initialized...
2026-03-04 21:01:20,399 [INFO] [MainThread] [root/bar_manager.py:88]: Starting KomorebiEventListener...
2026-03-04 21:01:20,399 [INFO] [MainThread] [root/bar_manager.py:88]: Starting WindowsNotificationEventListener...
2026-03-04 21:01:20,400 [INFO] [MainThread] [root/bar_manager.py:88]: Starting SystemEventListener...
2026-03-04 21:01:20,403 [INFO] [MainThread] [root/watcher.py:65]: Watching directory: c:\users\nalli\.config\yasb
2026-03-04 21:01:20,405 [INFO] [MainThread] [root/watcher.py:104]: Created file watcher
2026-03-04 21:01:20,408 [INFO] [Dummy-6] [root/event_listener.py:51]: Created named pipe yasb-31b08330-17df-11f1-b69c-b7511526d57b
2026-03-04 21:01:20,688 [INFO] [MainThread] [root/update_service.py:429]: Background update checker started
2026-03-04 21:01:20,715 [INFO] [Dummy-6] [root/event_listener.py:125]: Komorebi connected to named pipe: yasb-31b08330-17df-11f1-b69c-b7511526d57b
2026-03-04 21:01:21,344 [INFO] [MainThread] [root/api.py:69]: Fetching new weather data at 2026-03-04 21:01:21.344220
2026-03-04 21:10:41,703 [INFO] [MainThread] [root/bar_manager.py:104]: Stopping KomorebiEventListener...
2026-03-04 21:10:41,704 [INFO] [MainThread] [root/bar_manager.py:104]: Stopping WindowsNotificationEventListener...
2026-03-04 21:10:41,704 [INFO] [MainThread] [root/bar_manager.py:104]: Stopping SystemEventListener...
2026-03-04 21:11:31,445 [INFO] [MainThread] [root/log.py:95]: YASB v1.9.0
2026-03-04 21:11:31,447 [INFO] [CLIPipeServer] [cli_server/cli_server.py:215]: CLI server started v1.1.6
2026-03-04 21:11:31,447 [INFO] [MainThread] [cli_server/cli_server.py:106]: Log pipe server started
2026-03-04 21:11:31,569 [DEBUG] [MainThread] [qasync._windows._EventPoller/_windows.py:215]: Starting (proactor: <_IocpProactor overlapped#=0 result#=0>)...
2026-03-04 21:11:31,570 [DEBUG] [Dummy-3] [qasync._windows._EventWorker/_windows.py:195]: Thread started
2026-03-04 21:11:32,540 [INFO] [MainThread] [root/service.py:102]: UpdateCheckService initialized...
2026-03-04 21:11:32,591 [INFO] [MainThread] [root/bar_manager.py:88]: Starting KomorebiEventListener...
2026-03-04 21:11:32,592 [INFO] [MainThread] [root/bar_manager.py:88]: Starting SystemEventListener...
2026-03-04 21:11:32,592 [INFO] [MainThread] [root/bar_manager.py:88]: Starting WindowsNotificationEventListener...
2026-03-04 21:11:32,593 [INFO] [Dummy-5] [root/event_listener.py:51]: Created named pipe yasb-9e95b57f-17e0-11f1-9475-e173e97506bf
2026-03-04 21:11:32,595 [INFO] [MainThread] [root/watcher.py:65]: Watching directory: c:\users\nalli\.config\yasb
2026-03-04 21:11:32,595 [INFO] [MainThread] [root/watcher.py:104]: Created file watcher
2026-03-04 21:11:32,938 [INFO] [MainThread] [root/update_service.py:429]: Background update checker started
2026-03-04 21:11:33,687 [INFO] [MainThread] [root/api.py:69]: Fetching new weather data at 2026-03-04 21:11:33.687450
2026-03-04 21:11:43,096 [INFO] [Dummy-5] [root/event_listener.py:125]: Komorebi connected to named pipe: yasb-9e95b57f-17e0-11f1-9475-e173e97506bf
2026-03-04 21:12:00,003 [DEBUG] [MainThread] [root/utilities.py:154]: Direct UWP lookup failed for MicrosoftWindows.Client.CBS_1000.26100.333.0_x64__cw5n1h2txyewy: [WinError -2147023060] The RPC call contains a handle that differs from the declared handle type.
2026-03-04 21:12:00,003 [DEBUG] [MainThread] [root/utilities.py:176]: Fallback UWP lookup failed for MicrosoftWindows.Client.CBS_1000.26100.333.0_x64__cw5n1h2txyewy: [WinError -2147023060] The RPC call contains a handle that differs from the declared handle type.
2026-03-04 21:15:02,060 [DEBUG] [Thread-6] [root/watcher.py:84]: Stylesheet modified: c:\users\nalli\.config\yasb\styles.css
2026-03-04 21:15:03,176 [DEBUG] [Thread-6] [root/watcher.py:84]: Stylesheet modified: c:\users\nalli\.config\yasb\styles.css
2026-03-04 21:15:21,617 [DEBUG] [Thread-6] [root/watcher.py:90]: Config file modified: c:\users\nalli\.config\yasb\config.yaml
2026-03-04 21:15:21,635 [INFO] [MainThread] [root/controller.py:15]: Reloading Application because of config change.
2026-03-04 21:15:21,739 [INFO] [MainThread] [cli_server/cli_server.py:114]: Log pipe server stopped
2026-03-04 21:15:21,739 [DEBUG] [MainThread] [cli_server/cli_server.py:209]: CLI server stopped
2026-03-04 21:15:21,747 [INFO] [MainThread] [root/bar_manager.py:79]: Successfully loaded updated config and re-initialised all bars.
2026-03-04 21:15:21,811 [INFO] [MainThread] [root/bar_manager.py:104]: Stopping KomorebiEventListener...
2026-03-04 21:15:21,812 [INFO] [MainThread] [root/bar_manager.py:104]: Stopping SystemEventListener...
2026-03-04 21:15:21,812 [INFO] [MainThread] [root/bar_manager.py:104]: Stopping WindowsNotificationEventListener...
2026-03-04 21:15:24,904 [INFO] [MainThread] [root/log.py:95]: YASB v1.9.0
2026-03-04 21:15:24,905 [INFO] [CLIPipeServer] [cli_server/cli_server.py:215]: CLI server started v1.1.6
2026-03-04 21:15:24,906 [INFO] [MainThread] [cli_server/cli_server.py:106]: Log pipe server started
2026-03-04 21:15:25,210 [DEBUG] [MainThread] [qasync._windows._EventPoller/_windows.py:215]: Starting (proactor: <_IocpProactor overlapped#=0 result#=0>)...
2026-03-04 21:15:25,212 [DEBUG] [Dummy-3] [qasync._windows._EventWorker/_windows.py:195]: Thread started
2026-03-04 21:15:27,777 [INFO] [MainThread] [root/service.py:102]: UpdateCheckService initialized...
2026-03-04 21:15:27,878 [INFO] [MainThread] [root/bar_manager.py:88]: Starting SystemEventListener...
2026-03-04 21:15:27,878 [INFO] [MainThread] [root/bar_manager.py:88]: Starting WindowsNotificationEventListener...
2026-03-04 21:15:27,879 [INFO] [MainThread] [root/bar_manager.py:88]: Starting KomorebiEventListener...
2026-03-04 21:15:27,881 [INFO] [MainThread] [root/watcher.py:65]: Watching directory: c:\users\nalli\.config\yasb
2026-03-04 21:15:27,881 [INFO] [MainThread] [root/watcher.py:104]: Created file watcher
2026-03-04 21:15:28,305 [INFO] [Dummy-7] [root/event_listener.py:51]: Created named pipe yasb-2ad3cf3f-17e1-11f1-b639-e173e97506bf
2026-03-04 21:15:28,346 [INFO] [MainThread] [root/update_service.py:429]: Background update checker started
2026-03-04 21:15:28,402 [INFO] [Dummy-7] [root/event_listener.py:125]: Komorebi connected to named pipe: yasb-2ad3cf3f-17e1-11f1-b639-e173e97506bf
2026-03-04 21:15:29,273 [INFO] [MainThread] [root/api.py:69]: Fetching new weather data at 2026-03-04 21:15:29.273611
2026-03-04 21:15:38,133 [DEBUG] [Thread-5] [root/watcher.py:90]: Config file modified: c:\users\nalli\.config\yasb\config.yaml
2026-03-04 21:15:38,148 [INFO] [MainThread] [root/controller.py:15]: Reloading Application because of config change.
2026-03-04 21:15:38,251 [INFO] [MainThread] [cli_server/cli_server.py:114]: Log pipe server stopped
2026-03-04 21:15:38,252 [DEBUG] [MainThread] [cli_server/cli_server.py:209]: CLI server stopped
2026-03-04 21:15:38,257 [INFO] [MainThread] [root/bar_manager.py:79]: Successfully loaded updated config and re-initialised all bars.
2026-03-04 21:15:38,330 [INFO] [MainThread] [root/bar_manager.py:104]: Stopping SystemEventListener...
2026-03-04 21:15:38,331 [INFO] [MainThread] [root/bar_manager.py:104]: Stopping WindowsNotificationEventListener...
2026-03-04 21:15:38,331 [INFO] [MainThread] [root/bar_manager.py:104]: Stopping KomorebiEventListener...
2026-03-04 21:15:38,381 [INFO] [Dummy-7] [root/event_listener.py:92]: Attempting to reconnect to Komorebi...
2026-03-04 21:15:38,763 [INFO] [MainThread] [root/log.py:95]: YASB v1.9.0
2026-03-04 21:15:38,763 [INFO] [CLIPipeServer] [cli_server/cli_server.py:215]: CLI server started v1.1.6
2026-03-04 21:15:38,764 [INFO] [MainThread] [cli_server/cli_server.py:106]: Log pipe server started
2026-03-04 21:15:38,779 [DEBUG] [MainThread] [qasync._windows._EventPoller/_windows.py:215]: Starting (proactor: <_IocpProactor overlapped#=0 result#=0>)...
2026-03-04 21:15:38,779 [DEBUG] [Dummy-3] [qasync._windows._EventWorker/_windows.py:195]: Thread started
2026-03-04 21:15:39,391 [INFO] [MainThread] [root/service.py:102]: UpdateCheckService initialized...
2026-03-04 21:15:39,430 [INFO] [MainThread] [root/bar_manager.py:88]: Starting WindowsNotificationEventListener...
2026-03-04 21:15:39,431 [INFO] [MainThread] [root/bar_manager.py:88]: Starting KomorebiEventListener...
2026-03-04 21:15:39,432 [INFO] [MainThread] [root/bar_manager.py:88]: Starting SystemEventListener...
2026-03-04 21:15:39,432 [INFO] [MainThread] [root/watcher.py:65]: Watching directory: c:\users\nalli\.config\yasb
2026-03-04 21:15:39,432 [INFO] [MainThread] [root/watcher.py:104]: Created file watcher
2026-03-04 21:15:39,483 [INFO] [Dummy-7] [root/event_listener.py:51]: Created named pipe yasb-31b67fc4-17e1-11f1-8345-e173e97506bf
2026-03-04 21:15:39,524 [INFO] [MainThread] [root/update_service.py:429]: Background update checker started
2026-03-04 21:15:39,637 [INFO] [Dummy-7] [root/event_listener.py:125]: Komorebi connected to named pipe: yasb-31b67fc4-17e1-11f1-8345-e173e97506bf
2026-03-04 21:15:40,466 [INFO] [MainThread] [root/api.py:69]: Fetching new weather data at 2026-03-04 21:15:40.466217
2026-03-04 21:15:46,115 [DEBUG] [Thread-5] [root/watcher.py:90]: Config file modified: c:\users\nalli\.config\yasb\config.yaml
2026-03-04 21:15:46,131 [INFO] [MainThread] [root/controller.py:15]: Reloading Application because of config change.
2026-03-04 21:15:46,232 [INFO] [MainThread] [cli_server/cli_server.py:114]: Log pipe server stopped
2026-03-04 21:15:46,233 [DEBUG] [MainThread] [cli_server/cli_server.py:209]: CLI server stopped
2026-03-04 21:15:46,239 [INFO] [MainThread] [root/bar_manager.py:79]: Successfully loaded updated config and re-initialised all bars.
2026-03-04 21:15:46,310 [INFO] [MainThread] [root/bar_manager.py:104]: Stopping WindowsNotificationEventListener...
2026-03-04 21:15:46,310 [INFO] [MainThread] [root/bar_manager.py:104]: Stopping KomorebiEventListener...
2026-03-04 21:15:46,311 [INFO] [MainThread] [root/bar_manager.py:104]: Stopping SystemEventListener...
2026-03-04 21:15:46,349 [INFO] [Dummy-7] [root/event_listener.py:92]: Attempting to reconnect to Komorebi...
2026-03-04 21:15:46,710 [INFO] [MainThread] [root/log.py:95]: YASB v1.9.0
2026-03-04 21:15:46,711 [INFO] [CLIPipeServer] [cli_server/cli_server.py:215]: CLI server started v1.1.6
2026-03-04 21:15:46,711 [INFO] [MainThread] [cli_server/cli_server.py:106]: Log pipe server started
2026-03-04 21:15:46,727 [DEBUG] [MainThread] [qasync._windows._EventPoller/_windows.py:215]: Starting (proactor: <_IocpProactor overlapped#=0 result#=0>)...
2026-03-04 21:15:46,728 [DEBUG] [Dummy-3] [qasync._windows._EventWorker/_windows.py:195]: Thread started
2026-03-04 21:15:47,324 [INFO] [MainThread] [root/service.py:102]: UpdateCheckService initialized...
2026-03-04 21:15:47,361 [INFO] [MainThread] [root/bar_manager.py:88]: Starting WindowsNotificationEventListener...
2026-03-04 21:15:47,362 [INFO] [MainThread] [root/bar_manager.py:88]: Starting SystemEventListener...
2026-03-04 21:15:47,362 [INFO] [MainThread] [root/bar_manager.py:88]: Starting KomorebiEventListener...
2026-03-04 21:15:47,362 [INFO] [MainThread] [root/watcher.py:65]: Watching directory: c:\users\nalli\.config\yasb
2026-03-04 21:15:47,363 [INFO] [MainThread] [root/watcher.py:104]: Created file watcher
2026-03-04 21:15:47,417 [INFO] [Dummy-7] [root/event_listener.py:51]: Created named pipe yasb-36708d0d-17e1-11f1-8427-e173e97506bf
2026-03-04 21:15:47,441 [INFO] [MainThread] [root/update_service.py:429]: Background update checker started
2026-03-04 21:15:47,569 [INFO] [Dummy-7] [root/event_listener.py:125]: Komorebi connected to named pipe: yasb-36708d0d-17e1-11f1-8427-e173e97506bf
2026-03-04 21:15:47,975 [INFO] [MainThread] [root/api.py:69]: Fetching new weather data at 2026-03-04 21:15:47.975694
2026-03-04 21:15:54,524 [DEBUG] [Thread-5] [root/watcher.py:90]: Config file modified: c:\users\nalli\.config\yasb\config.yaml
2026-03-04 21:15:54,539 [INFO] [MainThread] [root/controller.py:15]: Reloading Application because of config change.
2026-03-04 21:15:54,649 [INFO] [MainThread] [cli_server/cli_server.py:114]: Log pipe server stopped
2026-03-04 21:15:54,649 [DEBUG] [MainThread] [cli_server/cli_server.py:209]: CLI server stopped
2026-03-04 21:15:54,653 [INFO] [MainThread] [root/bar_manager.py:79]: Successfully loaded updated config and re-initialised all bars.
2026-03-04 21:15:54,724 [INFO] [MainThread] [root/bar_manager.py:104]: Stopping WindowsNotificationEventListener...
2026-03-04 21:15:54,725 [INFO] [MainThread] [root/bar_manager.py:104]: Stopping SystemEventListener...
2026-03-04 21:15:54,725 [INFO] [MainThread] [root/bar_manager.py:104]: Stopping KomorebiEventListener...
2026-03-04 21:15:55,121 [INFO] [MainThread] [root/log.py:95]: YASB v1.9.0
2026-03-04 21:15:55,121 [INFO] [CLIPipeServer] [cli_server/cli_server.py:215]: CLI server started v1.1.6
2026-03-04 21:15:55,122 [INFO] [MainThread] [cli_server/cli_server.py:106]: Log pipe server started
2026-03-04 21:15:55,137 [DEBUG] [MainThread] [qasync._windows._EventPoller/_windows.py:215]: Starting (proactor: <_IocpProactor overlapped#=0 result#=0>)...
2026-03-04 21:15:55,138 [DEBUG] [Dummy-3] [qasync._windows._EventWorker/_windows.py:195]: Thread started
2026-03-04 21:15:55,733 [INFO] [MainThread] [root/service.py:102]: UpdateCheckService initialized...
2026-03-04 21:15:55,775 [INFO] [MainThread] [root/bar_manager.py:88]: Starting SystemEventListener...
2026-03-04 21:15:55,775 [INFO] [MainThread] [root/bar_manager.py:88]: Starting WindowsNotificationEventListener...
2026-03-04 21:15:55,776 [INFO] [MainThread] [root/bar_manager.py:88]: Starting KomorebiEventListener...
2026-03-04 21:15:55,777 [INFO] [MainThread] [root/watcher.py:65]: Watching directory: c:\users\nalli\.config\yasb
2026-03-04 21:15:55,777 [INFO] [MainThread] [root/watcher.py:104]: Created file watcher
2026-03-04 21:15:55,835 [INFO] [Dummy-7] [root/event_listener.py:51]: Created named pipe yasb-3b748074-17e1-11f1-b933-e173e97506bf
2026-03-04 21:15:55,881 [INFO] [MainThread] [root/update_service.py:429]: Background update checker started
2026-03-04 21:15:55,979 [INFO] [Dummy-7] [root/event_listener.py:125]: Komorebi connected to named pipe: yasb-3b748074-17e1-11f1-b933-e173e97506bf
2026-03-04 21:15:56,430 [INFO] [MainThread] [root/api.py:69]: Fetching new weather data at 2026-03-04 21:15:56.430903
2026-03-04 21:16:06,303 [DEBUG] [Thread-5] [root/watcher.py:90]: Config file modified: c:\users\nalli\.config\yasb\config.yaml
2026-03-04 21:16:06,322 [INFO] [MainThread] [root/controller.py:15]: Reloading Application because of config change.
2026-03-04 21:16:06,433 [INFO] [MainThread] [cli_server/cli_server.py:114]: Log pipe server stopped
2026-03-04 21:16:06,433 [DEBUG] [MainThread] [cli_server/cli_server.py:209]: CLI server stopped
2026-03-04 21:16:06,437 [INFO] [MainThread] [root/bar_manager.py:79]: Successfully loaded updated config and re-initialised all bars.
2026-03-04 21:16:06,512 [INFO] [MainThread] [root/bar_manager.py:104]: Stopping SystemEventListener...
2026-03-04 21:16:06,513 [INFO] [MainThread] [root/bar_manager.py:104]: Stopping WindowsNotificationEventListener...
2026-03-04 21:16:06,513 [INFO] [MainThread] [root/bar_manager.py:104]: Stopping KomorebiEventListener...
2026-03-04 21:16:06,563 [INFO] [Dummy-7] [root/event_listener.py:92]: Attempting to reconnect to Komorebi...
2026-03-04 21:16:06,959 [INFO] [MainThread] [root/log.py:95]: YASB v1.9.0
2026-03-04 21:16:06,960 [INFO] [CLIPipeServer] [cli_server/cli_server.py:215]: CLI server started v1.1.6
2026-03-04 21:16:06,960 [INFO] [MainThread] [cli_server/cli_server.py:106]: Log pipe server started
2026-03-04 21:16:06,977 [DEBUG] [MainThread] [qasync._windows._EventPoller/_windows.py:215]: Starting (proactor: <_IocpProactor overlapped#=0 result#=0>)...
2026-03-04 21:16:06,978 [DEBUG] [Dummy-3] [qasync._windows._EventWorker/_windows.py:195]: Thread started
2026-03-04 21:16:07,596 [INFO] [MainThread] [root/service.py:102]: UpdateCheckService initialized...
2026-03-04 21:16:07,638 [INFO] [MainThread] [root/bar_manager.py:88]: Starting SystemEventListener...
2026-03-04 21:16:07,639 [INFO] [MainThread] [root/bar_manager.py:88]: Starting KomorebiEventListener...
2026-03-04 21:16:07,639 [INFO] [MainThread] [root/bar_manager.py:88]: Starting WindowsNotificationEventListener...
2026-03-04 21:16:07,640 [INFO] [MainThread] [root/watcher.py:65]: Watching directory: c:\users\nalli\.config\yasb
2026-03-04 21:16:07,640 [INFO] [MainThread] [root/watcher.py:104]: Created file watcher
2026-03-04 21:16:07,696 [INFO] [Dummy-7] [root/event_listener.py:51]: Created named pipe yasb-428690b8-17e1-11f1-819c-e173e97506bf
2026-03-04 21:16:07,730 [INFO] [MainThread] [root/update_service.py:429]: Background update checker started
2026-03-04 21:16:07,858 [INFO] [Dummy-7] [root/event_listener.py:125]: Komorebi connected to named pipe: yasb-428690b8-17e1-11f1-819c-e173e97506bf
2026-03-04 21:16:08,363 [INFO] [MainThread] [root/api.py:69]: Fetching new weather data at 2026-03-04 21:16:08.363625
2026-03-04 21:18:18,002 [DEBUG] [Thread-5] [root/watcher.py:84]: Stylesheet modified: c:\users\nalli\.config\yasb\styles.css
2026-03-04 21:18:30,193 [DEBUG] [Thread-5] [root/watcher.py:84]: Stylesheet modified: c:\users\nalli\.config\yasb\styles.css
2026-03-04 21:18:34,250 [DEBUG] [Thread-5] [root/watcher.py:84]: Stylesheet modified: c:\users\nalli\.config\yasb\styles.css
2026-03-04 21:18:37,099 [DEBUG] [Thread-5] [root/watcher.py:84]: Stylesheet modified: c:\users\nalli\.config\yasb\styles.css
2026-03-04 21:18:39,067 [DEBUG] [Thread-5] [root/watcher.py:84]: Stylesheet modified: c:\users\nalli\.config\yasb\styles.css
2026-03-04 21:18:42,571 [DEBUG] [Thread-5] [root/watcher.py:84]: Stylesheet modified: c:\users\nalli\.config\yasb\styles.css
2026-03-04 21:18:44,943 [DEBUG] [Thread-5] [root/watcher.py:84]: Stylesheet modified: c:\users\nalli\.config\yasb\styles.css
2026-03-04 21:18:59,383 [DEBUG] [Thread-5] [root/watcher.py:84]: Stylesheet modified: c:\users\nalli\.config\yasb\styles.css
2026-03-04 21:23:33,437 [DEBUG] [Thread-5] [root/watcher.py:90]: Config file modified: c:\users\nalli\.config\yasb\config.yaml
2026-03-04 21:23:33,458 [INFO] [MainThread] [root/controller.py:15]: Reloading Application because of config change.
2026-03-04 21:23:33,572 [INFO] [MainThread] [cli_server/cli_server.py:114]: Log pipe server stopped
2026-03-04 21:23:33,572 [DEBUG] [MainThread] [cli_server/cli_server.py:209]: CLI server stopped
2026-03-04 21:23:33,578 [INFO] [MainThread] [root/bar_manager.py:79]: Successfully loaded updated config and re-initialised all bars.
2026-03-04 21:23:33,657 [INFO] [MainThread] [root/bar_manager.py:104]: Stopping SystemEventListener...
2026-03-04 21:23:33,657 [INFO] [MainThread] [root/bar_manager.py:104]: Stopping KomorebiEventListener...
2026-03-04 21:23:33,657 [INFO] [MainThread] [root/bar_manager.py:104]: Stopping WindowsNotificationEventListener...
2026-03-04 21:23:33,701 [INFO] [Dummy-7] [root/event_listener.py:92]: Attempting to reconnect to Komorebi...
2026-03-04 21:23:37,189 [INFO] [MainThread] [root/log.py:95]: YASB v1.9.0
2026-03-04 21:23:37,191 [INFO] [CLIPipeServer] [cli_server/cli_server.py:215]: CLI server started v1.1.6
2026-03-04 21:23:37,191 [INFO] [MainThread] [cli_server/cli_server.py:106]: Log pipe server started
2026-03-04 21:23:37,507 [DEBUG] [MainThread] [qasync._windows._EventPoller/_windows.py:215]: Starting (proactor: <_IocpProactor overlapped#=0 result#=0>)...
2026-03-04 21:23:37,509 [DEBUG] [Dummy-3] [qasync._windows._EventWorker/_windows.py:195]: Thread started
2026-03-04 21:23:40,366 [INFO] [MainThread] [root/service.py:102]: UpdateCheckService initialized...
2026-03-04 21:23:40,461 [INFO] [MainThread] [root/bar_manager.py:88]: Starting WindowsNotificationEventListener...
2026-03-04 21:23:40,462 [INFO] [MainThread] [root/bar_manager.py:88]: Starting KomorebiEventListener...
2026-03-04 21:23:40,462 [INFO] [MainThread] [root/bar_manager.py:88]: Starting SystemEventListener...
2026-03-04 21:23:40,463 [ERROR] [MainThread] [root/widget_builder.py:111]: Failed to validate widget(s) due to invalid options  - media
      scrolling_label:
        style:
        - Input should be 'left', 'right', 'bounce' or 'bounce-ease'
      
2026-03-04 21:23:40,468 [INFO] [Dummy-5] [root/event_listener.py:51]: Created named pipe yasb-506df996-17e2-11f1-9b01-e173e97506bf
2026-03-04 21:23:41,046 [INFO] [MainThread] [root/watcher.py:65]: Watching directory: c:\users\nalli\.config\yasb
2026-03-04 21:23:41,046 [INFO] [MainThread] [root/watcher.py:104]: Created file watcher
2026-03-04 21:23:41,097 [INFO] [Dummy-5] [root/event_listener.py:125]: Komorebi connected to named pipe: yasb-506df996-17e2-11f1-9b01-e173e97506bf
2026-03-04 21:23:41,138 [INFO] [MainThread] [root/update_service.py:429]: Background update checker started
2026-03-04 21:23:41,575 [INFO] [MainThread] [root/api.py:69]: Fetching new weather data at 2026-03-04 21:23:41.575420
2026-03-04 21:23:42,248 [DEBUG] [Thread-8] [root/watcher.py:90]: Config file modified: c:\users\nalli\.config\yasb\config.yaml
2026-03-04 21:23:42,263 [INFO] [MainThread] [root/controller.py:15]: Reloading Application because of config change.
2026-03-04 21:23:42,363 [INFO] [MainThread] [cli_server/cli_server.py:114]: Log pipe server stopped
2026-03-04 21:23:42,363 [DEBUG] [MainThread] [cli_server/cli_server.py:209]: CLI server stopped
2026-03-04 21:23:42,367 [INFO] [MainThread] [root/bar_manager.py:79]: Successfully loaded updated config and re-initialised all bars.
2026-03-04 21:23:42,506 [INFO] [MainThread] [root/bar_manager.py:104]: Stopping WindowsNotificationEventListener...
2026-03-04 21:23:42,507 [INFO] [MainThread] [root/bar_manager.py:104]: Stopping KomorebiEventListener...
2026-03-04 21:23:42,507 [INFO] [MainThread] [root/bar_manager.py:104]: Stopping SystemEventListener...
2026-03-04 21:23:42,557 [INFO] [Dummy-5] [root/event_listener.py:92]: Attempting to reconnect to Komorebi...
2026-03-04 21:23:42,936 [INFO] [MainThread] [root/log.py:95]: YASB v1.9.0
2026-03-04 21:23:42,936 [INFO] [CLIPipeServer] [cli_server/cli_server.py:215]: CLI server started v1.1.6
2026-03-04 21:23:42,937 [INFO] [MainThread] [cli_server/cli_server.py:106]: Log pipe server started
2026-03-04 21:23:42,955 [DEBUG] [MainThread] [qasync._windows._EventPoller/_windows.py:215]: Starting (proactor: <_IocpProactor overlapped#=0 result#=0>)...
2026-03-04 21:23:42,956 [DEBUG] [Dummy-3] [qasync._windows._EventWorker/_windows.py:195]: Thread started
2026-03-04 21:23:43,699 [INFO] [MainThread] [root/service.py:102]: UpdateCheckService initialized...
2026-03-04 21:23:43,740 [INFO] [MainThread] [root/bar_manager.py:88]: Starting WindowsNotificationEventListener...
2026-03-04 21:23:43,741 [INFO] [MainThread] [root/bar_manager.py:88]: Starting KomorebiEventListener...
2026-03-04 21:23:43,741 [INFO] [MainThread] [root/bar_manager.py:88]: Starting SystemEventListener...
2026-03-04 21:23:43,741 [ERROR] [MainThread] [root/widget_builder.py:111]: Failed to validate widget(s) due to invalid options  - media
      scrolling_label:
        style:
        - Input should be 'left', 'right', 'bounce' or 'bounce-ease'
      
2026-03-04 21:23:43,762 [INFO] [Dummy-5] [root/event_listener.py:51]: Created named pipe yasb-52623f07-17e2-11f1-a9a2-e173e97506bf
2026-03-04 21:23:43,797 [INFO] [MainThread] [root/watcher.py:65]: Watching directory: c:\users\nalli\.config\yasb
2026-03-04 21:23:43,797 [INFO] [MainThread] [root/watcher.py:104]: Created file watcher
2026-03-04 21:23:43,906 [INFO] [MainThread] [root/update_service.py:429]: Background update checker started
2026-03-04 21:23:43,927 [INFO] [Dummy-5] [root/event_listener.py:125]: Komorebi connected to named pipe: yasb-52623f07-17e2-11f1-a9a2-e173e97506bf
2026-03-04 21:23:44,495 [INFO] [MainThread] [root/api.py:69]: Fetching new weather data at 2026-03-04 21:23:44.495566
2026-03-04 21:23:44,572 [DEBUG] [Thread-8] [root/watcher.py:90]: Config file modified: c:\users\nalli\.config\yasb\config.yaml
2026-03-04 21:23:44,587 [INFO] [MainThread] [root/controller.py:15]: Reloading Application because of config change.
2026-03-04 21:23:44,698 [INFO] [MainThread] [cli_server/cli_server.py:114]: Log pipe server stopped
2026-03-04 21:23:44,698 [DEBUG] [MainThread] [cli_server/cli_server.py:209]: CLI server stopped
2026-03-04 21:23:44,702 [INFO] [MainThread] [root/bar_manager.py:79]: Successfully loaded updated config and re-initialised all bars.
2026-03-04 21:23:44,854 [INFO] [MainThread] [root/bar_manager.py:104]: Stopping WindowsNotificationEventListener...
2026-03-04 21:23:44,855 [INFO] [MainThread] [root/bar_manager.py:104]: Stopping KomorebiEventListener...
2026-03-04 21:23:44,855 [INFO] [MainThread] [root/bar_manager.py:104]: Stopping SystemEventListener...
2026-03-04 21:23:44,902 [INFO] [Dummy-5] [root/event_listener.py:92]: Attempting to reconnect to Komorebi...
2026-03-04 21:23:45,261 [INFO] [MainThread] [root/log.py:95]: YASB v1.9.0
2026-03-04 21:23:45,261 [INFO] [CLIPipeServer] [cli_server/cli_server.py:215]: CLI server started v1.1.6
2026-03-04 21:23:45,261 [INFO] [MainThread] [cli_server/cli_server.py:106]: Log pipe server started
2026-03-04 21:23:45,280 [DEBUG] [MainThread] [qasync._windows._EventPoller/_windows.py:215]: Starting (proactor: <_IocpProactor overlapped#=0 result#=0>)...
2026-03-04 21:23:45,280 [DEBUG] [Dummy-3] [qasync._windows._EventWorker/_windows.py:195]: Thread started
2026-03-04 21:23:45,963 [INFO] [MainThread] [root/service.py:102]: UpdateCheckService initialized...
2026-03-04 21:23:46,009 [INFO] [MainThread] [root/bar_manager.py:88]: Starting KomorebiEventListener...
2026-03-04 21:23:46,009 [INFO] [MainThread] [root/bar_manager.py:88]: Starting WindowsNotificationEventListener...
2026-03-04 21:23:46,010 [INFO] [MainThread] [root/bar_manager.py:88]: Starting SystemEventListener...
2026-03-04 21:23:46,010 [ERROR] [MainThread] [root/widget_builder.py:111]: Failed to validate widget(s) due to invalid options  - media
      scrolling_label:
        style:
        - Input should be 'left', 'right', 'bounce' or 'bounce-ease'
      
2026-03-04 21:23:46,030 [INFO] [Dummy-5] [root/event_listener.py:51]: Created named pipe yasb-53bc52b9-17e2-11f1-9840-e173e97506bf
2026-03-04 21:23:46,066 [INFO] [MainThread] [root/watcher.py:65]: Watching directory: c:\users\nalli\.config\yasb
2026-03-04 21:23:46,067 [INFO] [MainThread] [root/watcher.py:104]: Created file watcher
2026-03-04 21:23:46,154 [INFO] [MainThread] [root/update_service.py:429]: Background update checker started
2026-03-04 21:23:46,215 [INFO] [Dummy-5] [root/event_listener.py:125]: Komorebi connected to named pipe: yasb-53bc52b9-17e2-11f1-9840-e173e97506bf
2026-03-04 21:23:46,666 [INFO] [MainThread] [root/api.py:69]: Fetching new weather data at 2026-03-04 21:23:46.666824
2026-03-04 21:23:53,329 [DEBUG] [Thread-8] [root/watcher.py:90]: Config file modified: c:\users\nalli\.config\yasb\config.yaml
2026-03-04 21:23:53,345 [INFO] [MainThread] [root/controller.py:15]: Reloading Application because of config change.
2026-03-04 21:23:53,447 [INFO] [MainThread] [cli_server/cli_server.py:114]: Log pipe server stopped
2026-03-04 21:23:53,447 [DEBUG] [MainThread] [cli_server/cli_server.py:209]: CLI server stopped
2026-03-04 21:23:53,453 [INFO] [MainThread] [root/bar_manager.py:79]: Successfully loaded updated config and re-initialised all bars.
2026-03-04 21:23:53,584 [INFO] [MainThread] [root/bar_manager.py:104]: Stopping KomorebiEventListener...
2026-03-04 21:23:53,584 [INFO] [MainThread] [root/bar_manager.py:104]: Stopping WindowsNotificationEventListener...
2026-03-04 21:23:53,585 [INFO] [MainThread] [root/bar_manager.py:104]: Stopping SystemEventListener...
2026-03-04 21:23:53,585 [INFO] [Dummy-5] [root/event_listener.py:92]: Attempting to reconnect to Komorebi...
2026-03-04 21:23:53,996 [INFO] [MainThread] [root/log.py:95]: YASB v1.9.0
2026-03-04 21:23:53,996 [INFO] [CLIPipeServer] [cli_server/cli_server.py:215]: CLI server started v1.1.6
2026-03-04 21:23:53,996 [INFO] [MainThread] [cli_server/cli_server.py:106]: Log pipe server started
2026-03-04 21:23:54,017 [DEBUG] [MainThread] [qasync._windows._EventPoller/_windows.py:215]: Starting (proactor: <_IocpProactor overlapped#=0 result#=0>)...
2026-03-04 21:23:54,018 [DEBUG] [Dummy-3] [qasync._windows._EventWorker/_windows.py:195]: Thread started
2026-03-04 21:23:54,694 [INFO] [MainThread] [root/service.py:102]: UpdateCheckService initialized...
2026-03-04 21:23:54,734 [INFO] [MainThread] [root/bar_manager.py:88]: Starting WindowsNotificationEventListener...
2026-03-04 21:23:54,736 [INFO] [MainThread] [root/bar_manager.py:88]: Starting SystemEventListener...
2026-03-04 21:23:54,736 [INFO] [MainThread] [root/bar_manager.py:88]: Starting KomorebiEventListener...
2026-03-04 21:23:54,737 [INFO] [MainThread] [root/watcher.py:65]: Watching directory: c:\users\nalli\.config\yasb
2026-03-04 21:23:54,737 [INFO] [MainThread] [root/watcher.py:104]: Created file watcher
2026-03-04 21:23:54,806 [INFO] [Dummy-7] [root/event_listener.py:51]: Created named pipe yasb-58eff3df-17e2-11f1-bde8-e173e97506bf
2026-03-04 21:23:54,836 [INFO] [MainThread] [root/update_service.py:429]: Background update checker started
2026-03-04 21:23:54,953 [INFO] [Dummy-7] [root/event_listener.py:125]: Komorebi connected to named pipe: yasb-58eff3df-17e2-11f1-bde8-e173e97506bf
2026-03-04 21:23:55,368 [INFO] [MainThread] [root/api.py:69]: Fetching new weather data at 2026-03-04 21:23:55.368103
2026-03-04 21:28:03,210 [DEBUG] [Thread-5] [root/watcher.py:84]: Stylesheet modified: c:\users\nalli\.config\yasb\styles.css
2026-03-04 21:28:05,346 [DEBUG] [Thread-5] [root/watcher.py:84]: Stylesheet modified: c:\users\nalli\.config\yasb\styles.css
2026-03-04 21:28:07,734 [DEBUG] [Thread-5] [root/watcher.py:84]: Stylesheet modified: c:\users\nalli\.config\yasb\styles.css
2026-03-04 21:28:13,111 [DEBUG] [Thread-5] [root/watcher.py:84]: Stylesheet modified: c:\users\nalli\.config\yasb\styles.css
2026-03-04 21:33:55,387 [INFO] [MainThread] [root/api.py:69]: Fetching new weather data at 2026-03-04 21:33:55.387568
2026-03-04 21:35:09,879 [DEBUG] [Thread-5] [root/watcher.py:90]: Config file modified: c:\users\nalli\.config\yasb\config.yaml
2026-03-04 21:35:13,886 [DEBUG] [Thread-5] [root/watcher.py:90]: Config file modified: c:\users\nalli\.config\yasb\config.yaml
2026-03-04 21:35:13,912 [INFO] [MainThread] [root/controller.py:15]: Reloading Application because of config change.
2026-03-04 21:35:14,024 [INFO] [MainThread] [cli_server/cli_server.py:114]: Log pipe server stopped
2026-03-04 21:35:14,025 [DEBUG] [MainThread] [cli_server/cli_server.py:209]: CLI server stopped
2026-03-04 21:35:14,031 [INFO] [MainThread] [root/bar_manager.py:79]: Successfully loaded updated config and re-initialised all bars.
2026-03-04 21:35:14,163 [INFO] [MainThread] [root/bar_manager.py:104]: Stopping WindowsNotificationEventListener...
2026-03-04 21:35:14,163 [INFO] [MainThread] [root/bar_manager.py:104]: Stopping SystemEventListener...
2026-03-04 21:35:14,164 [INFO] [MainThread] [root/bar_manager.py:104]: Stopping KomorebiEventListener...
2026-03-04 21:35:14,195 [INFO] [Dummy-7] [root/event_listener.py:92]: Attempting to reconnect to Komorebi...
2026-03-04 21:35:14,784 [INFO] [MainThread] [root/log.py:95]: YASB v1.9.0
2026-03-04 21:35:14,785 [INFO] [CLIPipeServer] [cli_server/cli_server.py:215]: CLI server started v1.1.6
2026-03-04 21:35:14,785 [INFO] [MainThread] [cli_server/cli_server.py:106]: Log pipe server started
2026-03-04 21:35:14,822 [DEBUG] [MainThread] [qasync._windows._EventPoller/_windows.py:215]: Starting (proactor: <_IocpProactor overlapped#=0 result#=0>)...
2026-03-04 21:35:14,823 [DEBUG] [Dummy-3] [qasync._windows._EventWorker/_windows.py:195]: Thread started
2026-03-04 21:35:15,848 [INFO] [MainThread] [root/service.py:102]: UpdateCheckService initialized...
2026-03-04 21:35:15,920 [INFO] [MainThread] [root/bar_manager.py:210]: Starting HotkeyListener...
2026-03-04 21:35:15,920 [INFO] [MainThread] [root/bar_manager.py:88]: Starting KomorebiEventListener...
2026-03-04 21:35:15,920 [INFO] [MainThread] [root/bar_manager.py:88]: Starting SystemEventListener...
2026-03-04 21:35:15,920 [INFO] [MainThread] [root/bar_manager.py:88]: Starting WindowsNotificationEventListener...
2026-03-04 21:35:15,922 [INFO] [MainThread] [root/watcher.py:65]: Watching directory: c:\users\nalli\.config\yasb
2026-03-04 21:35:15,922 [INFO] [MainThread] [root/watcher.py:104]: Created file watcher
2026-03-04 21:35:16,042 [INFO] [Dummy-7] [root/event_listener.py:51]: Created named pipe yasb-eef46190-17e3-11f1-86bd-e173e97506bf
2026-03-04 21:35:16,042 [DEBUG] [Dummy-8] [root/hotkeys.py:199]: Registered hotkey alt+space
2026-03-04 21:35:16,124 [INFO] [MainThread] [root/update_service.py:429]: Background update checker started
2026-03-04 21:35:16,371 [INFO] [Dummy-7] [root/event_listener.py:125]: Komorebi connected to named pipe: yasb-eef46190-17e3-11f1-86bd-e173e97506bf
2026-03-04 21:35:16,647 [INFO] [MainThread] [root/api.py:69]: Fetching new weather data at 2026-03-04 21:35:16.647860
2026-03-04 21:35:56,623 [DEBUG] [Thread-5] [root/watcher.py:84]: Stylesheet modified: c:\users\nalli\.config\yasb\styles.css
2026-03-04 21:36:14,639 [DEBUG] [Thread-5] [root/watcher.py:90]: Config file modified: c:\users\nalli\.config\yasb\config.yaml
2026-03-04 21:36:14,667 [ERROR] [MainThread] [root/config.py:121]: The config file 'C:\Users\nalli\.config\yasb\config.yaml' contains validation errors. Please fix:
bars:
  primary-bar:
    widgets:
      center:
        0:
        - Input should be a valid string

2026-03-04 21:36:16,465 [DEBUG] [Thread-5] [root/watcher.py:90]: Config file modified: c:\users\nalli\.config\yasb\config.yaml
2026-03-04 21:36:16,493 [INFO] [MainThread] [root/controller.py:15]: Reloading Application because of config change.
2026-03-04 21:36:16,597 [INFO] [MainThread] [cli_server/cli_server.py:114]: Log pipe server stopped
2026-03-04 21:36:16,597 [DEBUG] [MainThread] [cli_server/cli_server.py:209]: CLI server stopped
2026-03-04 21:36:16,601 [INFO] [MainThread] [root/bar_manager.py:79]: Successfully loaded updated config and re-initialised all bars.
2026-03-04 21:36:16,830 [INFO] [MainThread] [root/bar_manager.py:96]: Stopping HotkeyListener...
2026-03-04 21:36:16,830 [INFO] [MainThread] [root/bar_manager.py:104]: Stopping KomorebiEventListener...
2026-03-04 21:36:16,831 [INFO] [MainThread] [root/bar_manager.py:104]: Stopping SystemEventListener...
2026-03-04 21:36:16,831 [INFO] [MainThread] [root/bar_manager.py:104]: Stopping WindowsNotificationEventListener...
2026-03-04 21:36:16,856 [INFO] [Dummy-7] [root/event_listener.py:92]: Attempting to reconnect to Komorebi...
2026-03-04 21:36:17,245 [INFO] [MainThread] [root/log.py:95]: YASB v1.9.0
2026-03-04 21:36:17,246 [INFO] [CLIPipeServer] [cli_server/cli_server.py:215]: CLI server started v1.1.6
2026-03-04 21:36:17,246 [INFO] [MainThread] [cli_server/cli_server.py:106]: Log pipe server started
2026-03-04 21:36:17,268 [DEBUG] [MainThread] [qasync._windows._EventPoller/_windows.py:215]: Starting (proactor: <_IocpProactor overlapped#=0 result#=0>)...
2026-03-04 21:36:17,269 [DEBUG] [Dummy-3] [qasync._windows._EventWorker/_windows.py:195]: Thread started
2026-03-04 21:36:18,318 [INFO] [MainThread] [root/service.py:102]: UpdateCheckService initialized...
2026-03-04 21:36:18,389 [INFO] [MainThread] [root/bar_manager.py:210]: Starting HotkeyListener...
2026-03-04 21:36:18,389 [INFO] [MainThread] [root/bar_manager.py:88]: Starting KomorebiEventListener...
2026-03-04 21:36:18,391 [INFO] [MainThread] [root/bar_manager.py:88]: Starting SystemEventListener...
2026-03-04 21:36:18,391 [INFO] [MainThread] [root/bar_manager.py:88]: Starting WindowsNotificationEventListener...
2026-03-04 21:36:18,393 [INFO] [MainThread] [root/watcher.py:65]: Watching directory: c:\users\nalli\.config\yasb
2026-03-04 21:36:18,393 [INFO] [MainThread] [root/watcher.py:104]: Created file watcher
2026-03-04 21:36:18,530 [INFO] [Dummy-10] [root/event_listener.py:51]: Created named pipe yasb-14307940-17e4-11f1-99fa-e173e97506bf
2026-03-04 21:36:18,530 [DEBUG] [Dummy-11] [root/hotkeys.py:199]: Registered hotkey alt+space
2026-03-04 21:36:18,571 [INFO] [MainThread] [root/update_service.py:429]: Background update checker started
2026-03-04 21:36:18,751 [INFO] [Dummy-10] [root/event_listener.py:125]: Komorebi connected to named pipe: yasb-14307940-17e4-11f1-99fa-e173e97506bf
2026-03-04 21:36:18,951 [INFO] [MainThread] [root/api.py:69]: Fetching new weather data at 2026-03-04 21:36:18.951276
2026-03-04 21:36:38,468 [WARNING] [Dummy-24] [root/windows_update.py:59]: Offline or network issue while checking Windows updates.
2026-03-04 21:38:16,381 [INFO] [MainThread] [root/bar_manager.py:96]: Stopping HotkeyListener...
2026-03-04 21:38:16,382 [INFO] [MainThread] [root/bar_manager.py:104]: Stopping KomorebiEventListener...
2026-03-04 21:38:16,382 [INFO] [MainThread] [root/bar_manager.py:104]: Stopping SystemEventListener...
2026-03-04 21:38:16,383 [INFO] [MainThread] [root/bar_manager.py:104]: Stopping WindowsNotificationEventListener...
2026-03-04 21:38:16,404 [INFO] [Dummy-10] [root/event_listener.py:92]: Attempting to reconnect to Komorebi...
2026-03-04 21:39:25,265 [INFO] [MainThread] [root/log.py:95]: YASB v1.9.0
2026-03-04 21:39:25,266 [INFO] [CLIPipeServer] [cli_server/cli_server.py:215]: CLI server started v1.1.6
2026-03-04 21:39:25,267 [INFO] [MainThread] [cli_server/cli_server.py:106]: Log pipe server started
2026-03-04 21:39:25,386 [DEBUG] [MainThread] [qasync._windows._EventPoller/_windows.py:215]: Starting (proactor: <_IocpProactor overlapped#=0 result#=0>)...
2026-03-04 21:39:25,387 [DEBUG] [Dummy-3] [qasync._windows._EventWorker/_windows.py:195]: Thread started
2026-03-04 21:39:26,655 [INFO] [MainThread] [root/service.py:102]: UpdateCheckService initialized...
2026-03-04 21:39:26,709 [INFO] [MainThread] [root/bar_manager.py:210]: Starting HotkeyListener...
2026-03-04 21:39:26,709 [INFO] [MainThread] [root/bar_manager.py:88]: Starting SystemEventListener...
2026-03-04 21:39:26,710 [INFO] [MainThread] [root/bar_manager.py:88]: Starting KomorebiEventListener...
2026-03-04 21:39:26,710 [INFO] [MainThread] [root/bar_manager.py:88]: Starting WindowsNotificationEventListener...
2026-03-04 21:39:26,710 [DEBUG] [Dummy-8] [root/hotkeys.py:199]: Registered hotkey alt+space
2026-03-04 21:39:26,711 [INFO] [Dummy-9] [root/event_listener.py:51]: Created named pipe yasb-846fe860-17e4-11f1-9ebf-f387e1505a35
2026-03-04 21:39:26,712 [INFO] [MainThread] [root/watcher.py:65]: Watching directory: c:\users\nalli\.config\yasb
2026-03-04 21:39:26,715 [INFO] [MainThread] [root/watcher.py:104]: Created file watcher
2026-03-04 21:39:27,069 [INFO] [MainThread] [root/update_service.py:429]: Background update checker started
2026-03-04 21:39:27,493 [INFO] [MainThread] [root/api.py:69]: Fetching new weather data at 2026-03-04 21:39:27.493014
2026-03-04 21:39:42,353 [INFO] [Dummy-9] [root/event_listener.py:125]: Komorebi connected to named pipe: yasb-846fe860-17e4-11f1-9ebf-f387e1505a35
2026-03-04 21:41:17,732 [DEBUG] [Thread-10] [root/watcher.py:90]: Config file modified: c:\users\nalli\.config\yasb\config.yaml
2026-03-04 21:41:17,749 [INFO] [MainThread] [root/controller.py:15]: Reloading Application because of config change.
2026-03-04 21:41:17,851 [INFO] [MainThread] [cli_server/cli_server.py:114]: Log pipe server stopped
2026-03-04 21:41:17,851 [DEBUG] [MainThread] [cli_server/cli_server.py:209]: CLI server stopped
2026-03-04 21:41:17,854 [INFO] [MainThread] [root/bar_manager.py:79]: Successfully loaded updated config and re-initialised all bars.
2026-03-04 21:41:17,908 [INFO] [MainThread] [root/bar_manager.py:96]: Stopping HotkeyListener...
2026-03-04 21:41:17,909 [INFO] [MainThread] [root/bar_manager.py:104]: Stopping SystemEventListener...
2026-03-04 21:41:17,909 [INFO] [MainThread] [root/bar_manager.py:104]: Stopping KomorebiEventListener...
2026-03-04 21:41:17,909 [INFO] [MainThread] [root/bar_manager.py:104]: Stopping WindowsNotificationEventListener...
2026-03-04 21:41:18,331 [INFO] [MainThread] [root/log.py:95]: YASB v1.9.0
2026-03-04 21:41:18,332 [INFO] [CLIPipeServer] [cli_server/cli_server.py:215]: CLI server started v1.1.6
2026-03-04 21:41:18,332 [INFO] [MainThread] [cli_server/cli_server.py:106]: Log pipe server started
2026-03-04 21:41:18,484 [DEBUG] [MainThread] [qasync._windows._EventPoller/_windows.py:215]: Starting (proactor: <_IocpProactor overlapped#=0 result#=0>)...
2026-03-04 21:41:18,485 [DEBUG] [Dummy-3] [qasync._windows._EventWorker/_windows.py:195]: Thread started
2026-03-04 21:41:18,809 [WARNING] [MainThread] [root/widget_builder.py:40]: No widget config could be found for widget 'quick_launch
2026-03-04 21:41:20,117 [INFO] [MainThread] [root/service.py:102]: UpdateCheckService initialized...
2026-03-04 21:41:20,156 [INFO] [MainThread] [root/bar_manager.py:88]: Starting SystemEventListener...
2026-03-04 21:41:20,157 [INFO] [MainThread] [root/bar_manager.py:88]: Starting WindowsNotificationEventListener...
2026-03-04 21:41:20,158 [INFO] [MainThread] [root/bar_manager.py:88]: Starting KomorebiEventListener...
2026-03-04 21:41:20,158 [ERROR] [MainThread] [root/widget_builder.py:97]: Failed to add undefined widget(s)  - The widget "quick_launch" is undefined.
2026-03-04 21:41:20,162 [INFO] [Dummy-5] [root/event_listener.py:51]: Created named pipe yasb-c80ea95d-17e4-11f1-8d22-f387e1505a35
2026-03-04 21:41:20,754 [INFO] [MainThread] [root/watcher.py:65]: Watching directory: c:\users\nalli\.config\yasb
2026-03-04 21:41:20,754 [INFO] [MainThread] [root/watcher.py:104]: Created file watcher
2026-03-04 21:41:20,810 [INFO] [Dummy-5] [root/event_listener.py:125]: Komorebi connected to named pipe: yasb-c80ea95d-17e4-11f1-8d22-f387e1505a35
2026-03-04 21:41:20,848 [INFO] [MainThread] [root/update_service.py:429]: Background update checker started
2026-03-04 21:41:21,077 [INFO] [MainThread] [root/api.py:69]: Fetching new weather data at 2026-03-04 21:41:21.077209
2026-03-04 21:41:33,661 [DEBUG] [Thread-7] [root/watcher.py:90]: Config file modified: c:\users\nalli\.config\yasb\config.yaml
2026-03-04 21:41:33,676 [INFO] [MainThread] [root/controller.py:15]: Reloading Application because of config change.
2026-03-04 21:41:33,782 [INFO] [MainThread] [cli_server/cli_server.py:114]: Log pipe server stopped
2026-03-04 21:41:33,782 [DEBUG] [MainThread] [cli_server/cli_server.py:209]: CLI server stopped
2026-03-04 21:41:33,786 [INFO] [MainThread] [root/bar_manager.py:79]: Successfully loaded updated config and re-initialised all bars.
2026-03-04 21:41:33,861 [INFO] [MainThread] [root/bar_manager.py:104]: Stopping SystemEventListener...
2026-03-04 21:41:33,862 [INFO] [MainThread] [root/bar_manager.py:104]: Stopping WindowsNotificationEventListener...
2026-03-04 21:41:33,863 [INFO] [MainThread] [root/bar_manager.py:104]: Stopping KomorebiEventListener...
2026-03-04 21:41:33,864 [INFO] [Dummy-5] [root/event_listener.py:92]: Attempting to reconnect to Komorebi...
2026-03-04 21:41:34,257 [INFO] [MainThread] [root/log.py:95]: YASB v1.9.0
2026-03-04 21:41:34,258 [INFO] [CLIPipeServer] [cli_server/cli_server.py:215]: CLI server started v1.1.6
2026-03-04 21:41:34,258 [INFO] [MainThread] [cli_server/cli_server.py:106]: Log pipe server started
2026-03-04 21:41:34,279 [DEBUG] [MainThread] [qasync._windows._EventPoller/_windows.py:215]: Starting (proactor: <_IocpProactor overlapped#=0 result#=0>)...
2026-03-04 21:41:34,280 [DEBUG] [Dummy-3] [qasync._windows._EventWorker/_windows.py:195]: Thread started
2026-03-04 21:41:34,947 [INFO] [MainThread] [root/service.py:102]: UpdateCheckService initialized...
2026-03-04 21:41:34,989 [INFO] [MainThread] [root/bar_manager.py:88]: Starting SystemEventListener...
2026-03-04 21:41:34,989 [INFO] [MainThread] [root/bar_manager.py:88]: Starting WindowsNotificationEventListener...
2026-03-04 21:41:34,990 [INFO] [MainThread] [root/bar_manager.py:88]: Starting KomorebiEventListener...
2026-03-04 21:41:34,991 [INFO] [MainThread] [root/watcher.py:65]: Watching directory: c:\users\nalli\.config\yasb
2026-03-04 21:41:34,991 [INFO] [MainThread] [root/watcher.py:104]: Created file watcher
2026-03-04 21:41:35,031 [INFO] [Dummy-7] [root/event_listener.py:51]: Created named pipe yasb-d0e5e397-17e4-11f1-bdc2-f387e1505a35
2026-03-04 21:41:35,055 [INFO] [MainThread] [root/update_service.py:429]: Background update checker started
2026-03-04 21:41:35,208 [INFO] [Dummy-7] [root/event_listener.py:125]: Komorebi connected to named pipe: yasb-d0e5e397-17e4-11f1-bdc2-f387e1505a35
2026-03-04 21:41:35,788 [INFO] [MainThread] [root/api.py:69]: Fetching new weather data at 2026-03-04 21:41:35.788917
2026-03-04 21:41:50,741 [DEBUG] [Thread-5] [root/watcher.py:84]: Stylesheet modified: c:\users\nalli\.config\yasb\styles.css
2026-03-04 21:41:52,886 [DEBUG] [Thread-5] [root/watcher.py:84]: Stylesheet modified: c:\users\nalli\.config\yasb\styles.css
2026-03-04 21:41:57,213 [DEBUG] [Thread-5] [root/watcher.py:84]: Stylesheet modified: c:\users\nalli\.config\yasb\styles.css
2026-03-04 21:41:59,191 [DEBUG] [Thread-5] [root/watcher.py:84]: Stylesheet modified: c:\users\nalli\.config\yasb\styles.css
2026-03-04 21:51:10,651 [DEBUG] [Thread-5] [root/watcher.py:90]: Config file modified: c:\users\nalli\.config\yasb\config.yaml
2026-03-04 21:51:13,206 [DEBUG] [Thread-5] [root/watcher.py:90]: Config file modified: c:\users\nalli\.config\yasb\config.yaml
2026-03-04 21:51:14,879 [DEBUG] [Thread-5] [root/watcher.py:90]: Config file modified: c:\users\nalli\.config\yasb\config.yaml
2026-03-04 21:51:14,919 [DEBUG] [Thread-5] [root/watcher.py:90]: Config file modified: c:\users\nalli\.config\yasb\config.yaml
2026-03-04 21:51:14,929 [ERROR] [MainThread] [root/config.py:121]: The config file 'C:\Users\nalli\.config\yasb\config.yaml' contains validation errors. Please fix:
widgets:
  wallpapers:
    str:
    - Input should be a valid string
    dict[str,any]:
    - Input should be a valid dictionary

2026-03-04 21:51:14,990 [ERROR] [MainThread] [root/config.py:121]: The config file 'C:\Users\nalli\.config\yasb\config.yaml' contains validation errors. Please fix:
widgets:
  wallpapers:
    str:
    - Input should be a valid string
    dict[str,any]:
    - Input should be a valid dictionary

2026-03-04 21:51:29,936 [DEBUG] [Thread-5] [root/watcher.py:90]: Config file modified: c:\users\nalli\.config\yasb\config.yaml
2026-03-04 21:51:29,954 [INFO] [MainThread] [root/controller.py:15]: Reloading Application because of config change.
2026-03-04 21:51:30,058 [INFO] [MainThread] [cli_server/cli_server.py:114]: Log pipe server stopped
2026-03-04 21:51:30,058 [DEBUG] [MainThread] [cli_server/cli_server.py:209]: CLI server stopped
2026-03-04 21:51:30,064 [INFO] [MainThread] [root/bar_manager.py:79]: Successfully loaded updated config and re-initialised all bars.
2026-03-04 21:51:30,192 [INFO] [MainThread] [root/bar_manager.py:104]: Stopping SystemEventListener...
2026-03-04 21:51:30,193 [INFO] [MainThread] [root/bar_manager.py:104]: Stopping WindowsNotificationEventListener...
2026-03-04 21:51:30,194 [INFO] [MainThread] [root/bar_manager.py:104]: Stopping KomorebiEventListener...
2026-03-04 21:51:30,244 [INFO] [Dummy-7] [root/event_listener.py:92]: Attempting to reconnect to Komorebi...
2026-03-04 21:51:30,784 [INFO] [MainThread] [root/log.py:95]: YASB v1.9.0
2026-03-04 21:51:30,785 [INFO] [CLIPipeServer] [cli_server/cli_server.py:215]: CLI server started v1.1.6
2026-03-04 21:51:30,785 [INFO] [MainThread] [cli_server/cli_server.py:106]: Log pipe server started
2026-03-04 21:51:30,821 [DEBUG] [MainThread] [qasync._windows._EventPoller/_windows.py:215]: Starting (proactor: <_IocpProactor overlapped#=0 result#=0>)...
2026-03-04 21:51:30,822 [DEBUG] [Dummy-3] [qasync._windows._EventWorker/_windows.py:195]: Thread started
2026-03-04 21:51:32,064 [INFO] [MainThread] [root/service.py:102]: UpdateCheckService initialized...
2026-03-04 21:51:32,131 [INFO] [MainThread] [root/bar_manager.py:88]: Starting KomorebiEventListener...
2026-03-04 21:51:32,132 [INFO] [MainThread] [root/bar_manager.py:88]: Starting SystemEventListener...
2026-03-04 21:51:32,132 [INFO] [MainThread] [root/bar_manager.py:88]: Starting WindowsNotificationEventListener...
2026-03-04 21:51:32,134 [INFO] [MainThread] [root/watcher.py:65]: Watching directory: c:\users\nalli\.config\yasb
2026-03-04 21:51:32,135 [INFO] [MainThread] [root/watcher.py:104]: Created file watcher
2026-03-04 21:51:32,248 [INFO] [Dummy-7] [root/event_listener.py:51]: Created named pipe yasb-34d27247-17e6-11f1-9e78-f387e1505a35
2026-03-04 21:51:32,321 [INFO] [MainThread] [root/update_service.py:429]: Background update checker started
2026-03-04 21:51:32,642 [INFO] [Dummy-7] [root/event_listener.py:125]: Komorebi connected to named pipe: yasb-34d27247-17e6-11f1-9e78-f387e1505a35
2026-03-04 21:51:33,015 [INFO] [MainThread] [root/api.py:69]: Fetching new weather data at 2026-03-04 21:51:33.014966
2026-03-04 21:51:42,785 [DEBUG] [Thread-5] [root/watcher.py:84]: Stylesheet modified: c:\users\nalli\.config\yasb\styles.css
2026-03-04 21:51:44,990 [DEBUG] [Thread-5] [root/watcher.py:84]: Stylesheet modified: c:\users\nalli\.config\yasb\styles.css
2026-03-04 21:52:00,407 [DEBUG] [Thread-5] [root/watcher.py:84]: Stylesheet modified: c:\users\nalli\.config\yasb\styles.css
2026-03-04 21:52:08,986 [DEBUG] [Thread-5] [root/watcher.py:84]: Stylesheet modified: c:\users\nalli\.config\yasb\styles.css
2026-03-04 21:53:13,552 [DEBUG] [Thread-5] [root/watcher.py:90]: Config file modified: c:\users\nalli\.config\yasb\config.yaml
2026-03-04 21:53:13,572 [INFO] [MainThread] [root/controller.py:15]: Reloading Application because of config change.
2026-03-04 21:53:13,687 [INFO] [MainThread] [cli_server/cli_server.py:114]: Log pipe server stopped
2026-03-04 21:53:13,687 [DEBUG] [MainThread] [cli_server/cli_server.py:209]: CLI server stopped
2026-03-04 21:53:13,696 [INFO] [MainThread] [root/bar_manager.py:79]: Successfully loaded updated config and re-initialised all bars.
2026-03-04 21:53:13,784 [INFO] [MainThread] [root/bar_manager.py:104]: Stopping KomorebiEventListener...
2026-03-04 21:53:13,785 [INFO] [MainThread] [root/bar_manager.py:104]: Stopping SystemEventListener...
2026-03-04 21:53:13,785 [INFO] [Dummy-7] [root/event_listener.py:92]: Attempting to reconnect to Komorebi...
2026-03-04 21:53:13,785 [INFO] [MainThread] [root/bar_manager.py:104]: Stopping WindowsNotificationEventListener...
2026-03-04 21:53:14,187 [INFO] [MainThread] [root/log.py:95]: YASB v1.9.0
2026-03-04 21:53:14,188 [INFO] [CLIPipeServer] [cli_server/cli_server.py:215]: CLI server started v1.1.6
2026-03-04 21:53:14,188 [INFO] [MainThread] [cli_server/cli_server.py:106]: Log pipe server started
2026-03-04 21:53:14,214 [DEBUG] [MainThread] [qasync._windows._EventPoller/_windows.py:215]: Starting (proactor: <_IocpProactor overlapped#=0 result#=0>)...
2026-03-04 21:53:14,215 [DEBUG] [Dummy-3] [qasync._windows._EventWorker/_windows.py:195]: Thread started
2026-03-04 21:53:14,916 [INFO] [MainThread] [root/service.py:102]: UpdateCheckService initialized...
2026-03-04 21:53:14,962 [INFO] [MainThread] [root/bar_manager.py:88]: Starting WindowsNotificationEventListener...
2026-03-04 21:53:14,963 [INFO] [MainThread] [root/bar_manager.py:88]: Starting SystemEventListener...
2026-03-04 21:53:14,963 [INFO] [MainThread] [root/bar_manager.py:88]: Starting KomorebiEventListener...
2026-03-04 21:53:14,964 [INFO] [MainThread] [root/watcher.py:65]: Watching directory: c:\users\nalli\.config\yasb
2026-03-04 21:53:14,964 [INFO] [MainThread] [root/watcher.py:104]: Created file watcher
2026-03-04 21:53:15,044 [INFO] [Dummy-7] [root/event_listener.py:51]: Created named pipe yasb-721d43d3-17e6-11f1-930b-f387e1505a35
2026-03-04 21:53:15,067 [INFO] [MainThread] [root/update_service.py:429]: Background update checker started
2026-03-04 21:53:15,198 [INFO] [Dummy-7] [root/event_listener.py:125]: Komorebi connected to named pipe: yasb-721d43d3-17e6-11f1-930b-f387e1505a35
2026-03-04 21:53:16,162 [INFO] [MainThread] [root/api.py:69]: Fetching new weather data at 2026-03-04 21:53:16.162721
2026-03-04 21:53:21,650 [DEBUG] [Thread-5] [root/watcher.py:90]: Config file modified: c:\users\nalli\.config\yasb\config.yaml
2026-03-04 21:53:21,666 [INFO] [MainThread] [root/controller.py:15]: Reloading Application because of config change.
2026-03-04 21:53:21,770 [INFO] [MainThread] [cli_server/cli_server.py:114]: Log pipe server stopped
2026-03-04 21:53:21,770 [DEBUG] [MainThread] [cli_server/cli_server.py:209]: CLI server stopped
2026-03-04 21:53:21,774 [INFO] [MainThread] [root/bar_manager.py:79]: Successfully loaded updated config and re-initialised all bars.
2026-03-04 21:53:21,874 [INFO] [MainThread] [root/bar_manager.py:104]: Stopping WindowsNotificationEventListener...
2026-03-04 21:53:21,875 [INFO] [MainThread] [root/bar_manager.py:104]: Stopping SystemEventListener...
2026-03-04 21:53:21,875 [INFO] [MainThread] [root/bar_manager.py:104]: Stopping KomorebiEventListener...
2026-03-04 21:53:21,925 [INFO] [Dummy-7] [root/event_listener.py:92]: Attempting to reconnect to Komorebi...
2026-03-04 21:53:22,239 [INFO] [MainThread] [root/log.py:95]: YASB v1.9.0
2026-03-04 21:53:22,240 [INFO] [CLIPipeServer] [cli_server/cli_server.py:215]: CLI server started v1.1.6
2026-03-04 21:53:22,240 [INFO] [MainThread] [cli_server/cli_server.py:106]: Log pipe server started
2026-03-04 21:53:22,265 [DEBUG] [MainThread] [qasync._windows._EventPoller/_windows.py:215]: Starting (proactor: <_IocpProactor overlapped#=0 result#=0>)...
2026-03-04 21:53:22,266 [DEBUG] [Dummy-3] [qasync._windows._EventWorker/_windows.py:195]: Thread started
2026-03-04 21:53:22,980 [INFO] [MainThread] [root/service.py:102]: UpdateCheckService initialized...
2026-03-04 21:53:23,027 [INFO] [MainThread] [root/bar_manager.py:88]: Starting WindowsNotificationEventListener...
2026-03-04 21:53:23,028 [INFO] [MainThread] [root/bar_manager.py:88]: Starting KomorebiEventListener...
2026-03-04 21:53:23,028 [INFO] [MainThread] [root/bar_manager.py:88]: Starting SystemEventListener...
2026-03-04 21:53:23,029 [INFO] [MainThread] [root/watcher.py:65]: Watching directory: c:\users\nalli\.config\yasb
2026-03-04 21:53:23,029 [INFO] [MainThread] [root/watcher.py:104]: Created file watcher
2026-03-04 21:53:23,113 [INFO] [Dummy-7] [root/event_listener.py:51]: Created named pipe yasb-76ebe01e-17e6-11f1-acdc-f387e1505a35
2026-03-04 21:53:23,150 [ERROR] [MainThread] [root/tray.py:64]: Error loading config: while scanning a double-quoted scalar
  in "C:\Users\nalli\.config\yasb\config.yaml", line 397, column 11
found unknown escape character 'W'
  in "C:\Users\nalli\.config\yasb\config.yaml", line 397, column 15
2026-03-04 21:53:23,175 [INFO] [MainThread] [root/update_service.py:429]: Background update checker started
2026-03-04 21:53:23,257 [INFO] [Dummy-7] [root/event_listener.py:125]: Komorebi connected to named pipe: yasb-76ebe01e-17e6-11f1-acdc-f387e1505a35
2026-03-04 21:53:23,504 [INFO] [MainThread] [root/api.py:69]: Fetching new weather data at 2026-03-04 21:53:23.504041
2026-03-04 21:53:26,641 [DEBUG] [Thread-5] [root/watcher.py:90]: Config file modified: c:\users\nalli\.config\yasb\config.yaml
2026-03-04 21:53:26,656 [INFO] [MainThread] [root/controller.py:15]: Reloading Application because of config change.
2026-03-04 21:53:26,769 [INFO] [MainThread] [cli_server/cli_server.py:114]: Log pipe server stopped
2026-03-04 21:53:26,769 [DEBUG] [MainThread] [cli_server/cli_server.py:209]: CLI server stopped
2026-03-04 21:53:26,773 [INFO] [MainThread] [root/bar_manager.py:79]: Successfully loaded updated config and re-initialised all bars.
2026-03-04 21:53:26,864 [INFO] [MainThread] [root/bar_manager.py:104]: Stopping WindowsNotificationEventListener...
2026-03-04 21:53:26,864 [INFO] [MainThread] [root/bar_manager.py:104]: Stopping KomorebiEventListener...
2026-03-04 21:53:26,864 [INFO] [MainThread] [root/bar_manager.py:104]: Stopping SystemEventListener...
2026-03-04 21:53:26,915 [INFO] [Dummy-7] [root/event_listener.py:92]: Attempting to reconnect to Komorebi...
2026-03-04 21:53:27,257 [INFO] [MainThread] [root/log.py:95]: YASB v1.9.0
2026-03-04 21:53:27,258 [INFO] [CLIPipeServer] [cli_server/cli_server.py:215]: CLI server started v1.1.6
2026-03-04 21:53:27,258 [INFO] [MainThread] [cli_server/cli_server.py:106]: Log pipe server started
2026-03-04 21:53:27,278 [DEBUG] [MainThread] [qasync._windows._EventPoller/_windows.py:215]: Starting (proactor: <_IocpProactor overlapped#=0 result#=0>)...
2026-03-04 21:53:27,279 [DEBUG] [Dummy-3] [qasync._windows._EventWorker/_windows.py:195]: Thread started
2026-03-04 21:53:28,003 [INFO] [MainThread] [root/service.py:102]: UpdateCheckService initialized...
2026-03-04 21:53:28,047 [INFO] [MainThread] [root/bar_manager.py:88]: Starting KomorebiEventListener...
2026-03-04 21:53:28,047 [INFO] [MainThread] [root/bar_manager.py:88]: Starting SystemEventListener...
2026-03-04 21:53:28,047 [INFO] [MainThread] [root/bar_manager.py:88]: Starting WindowsNotificationEventListener...
2026-03-04 21:53:28,049 [INFO] [MainThread] [root/watcher.py:65]: Watching directory: c:\users\nalli\.config\yasb
2026-03-04 21:53:28,049 [INFO] [MainThread] [root/watcher.py:104]: Created file watcher
2026-03-04 21:53:28,123 [INFO] [Dummy-7] [root/event_listener.py:51]: Created named pipe yasb-79e9bd04-17e6-11f1-9cd8-f387e1505a35
2026-03-04 21:53:28,153 [INFO] [MainThread] [root/update_service.py:429]: Background update checker started
2026-03-04 21:53:28,289 [INFO] [Dummy-7] [root/event_listener.py:125]: Komorebi connected to named pipe: yasb-79e9bd04-17e6-11f1-9cd8-f387e1505a35
2026-03-04 21:53:28,526 [INFO] [MainThread] [root/api.py:69]: Fetching new weather data at 2026-03-04 21:53:28.526268
2026-03-04 21:53:49,265 [DEBUG] [Thread-5] [root/watcher.py:90]: Config file modified: c:\users\nalli\.config\yasb\config.yaml
2026-03-04 21:53:53,635 [DEBUG] [Thread-5] [root/watcher.py:90]: Config file modified: c:\users\nalli\.config\yasb\config.yaml
2026-03-04 21:53:53,654 [INFO] [MainThread] [root/controller.py:15]: Reloading Application because of config change.
2026-03-04 21:53:53,768 [INFO] [MainThread] [cli_server/cli_server.py:114]: Log pipe server stopped
2026-03-04 21:53:53,768 [DEBUG] [MainThread] [cli_server/cli_server.py:209]: CLI server stopped
2026-03-04 21:53:53,773 [INFO] [MainThread] [root/bar_manager.py:79]: Successfully loaded updated config and re-initialised all bars.
2026-03-04 21:53:53,874 [INFO] [MainThread] [root/bar_manager.py:104]: Stopping KomorebiEventListener...
2026-03-04 21:53:53,875 [INFO] [MainThread] [root/bar_manager.py:104]: Stopping SystemEventListener...
2026-03-04 21:53:53,875 [INFO] [MainThread] [root/bar_manager.py:104]: Stopping WindowsNotificationEventListener...
2026-03-04 21:53:53,912 [INFO] [Dummy-7] [root/event_listener.py:92]: Attempting to reconnect to Komorebi...
2026-03-04 21:53:54,292 [INFO] [MainThread] [root/log.py:95]: YASB v1.9.0
2026-03-04 21:53:54,292 [INFO] [CLIPipeServer] [cli_server/cli_server.py:215]: CLI server started v1.1.6
2026-03-04 21:53:54,293 [INFO] [MainThread] [cli_server/cli_server.py:106]: Log pipe server started
2026-03-04 21:53:54,317 [DEBUG] [MainThread] [qasync._windows._EventPoller/_windows.py:215]: Starting (proactor: <_IocpProactor overlapped#=0 result#=0>)...
2026-03-04 21:53:54,318 [DEBUG] [Dummy-3] [qasync._windows._EventWorker/_windows.py:195]: Thread started
2026-03-04 21:53:55,051 [INFO] [MainThread] [root/service.py:102]: UpdateCheckService initialized...
2026-03-04 21:53:55,109 [INFO] [MainThread] [root/bar_manager.py:88]: Starting KomorebiEventListener...
2026-03-04 21:53:55,109 [INFO] [MainThread] [root/bar_manager.py:88]: Starting SystemEventListener...
2026-03-04 21:53:55,109 [INFO] [MainThread] [root/bar_manager.py:88]: Starting WindowsNotificationEventListener...
2026-03-04 21:53:55,112 [INFO] [MainThread] [root/watcher.py:65]: Watching directory: c:\users\nalli\.config\yasb
2026-03-04 21:53:55,112 [INFO] [MainThread] [root/watcher.py:104]: Created file watcher
2026-03-04 21:53:55,208 [INFO] [Dummy-7] [root/event_listener.py:51]: Created named pipe yasb-8a0b17b5-17e6-11f1-ae10-f387e1505a35
2026-03-04 21:53:55,300 [INFO] [MainThread] [root/update_service.py:429]: Background update checker started
2026-03-04 21:53:55,352 [INFO] [Dummy-7] [root/event_listener.py:125]: Komorebi connected to named pipe: yasb-8a0b17b5-17e6-11f1-ae10-f387e1505a35
2026-03-04 21:53:56,207 [INFO] [MainThread] [root/api.py:69]: Fetching new weather data at 2026-03-04 21:53:56.207843
2026-03-04 21:54:23,177 [DEBUG] [Thread-5] [root/watcher.py:90]: Config file modified: c:\users\nalli\.config\yasb\config.yaml
2026-03-04 21:54:23,204 [INFO] [MainThread] [root/controller.py:15]: Reloading Application because of config change.
2026-03-04 21:54:23,317 [INFO] [MainThread] [cli_server/cli_server.py:114]: Log pipe server stopped
2026-03-04 21:54:23,317 [DEBUG] [MainThread] [cli_server/cli_server.py:209]: CLI server stopped
2026-03-04 21:54:23,321 [INFO] [MainThread] [root/bar_manager.py:79]: Successfully loaded updated config and re-initialised all bars.
2026-03-04 21:54:23,433 [INFO] [MainThread] [root/bar_manager.py:104]: Stopping KomorebiEventListener...
2026-03-04 21:54:23,434 [INFO] [MainThread] [root/bar_manager.py:104]: Stopping SystemEventListener...
2026-03-04 21:54:23,434 [INFO] [MainThread] [root/bar_manager.py:104]: Stopping WindowsNotificationEventListener...
2026-03-04 21:54:23,434 [INFO] [Dummy-7] [root/event_listener.py:92]: Attempting to reconnect to Komorebi...
2026-03-04 21:54:23,775 [INFO] [MainThread] [root/log.py:95]: YASB v1.9.0
2026-03-04 21:54:23,775 [INFO] [CLIPipeServer] [cli_server/cli_server.py:215]: CLI server started v1.1.6
2026-03-04 21:54:23,776 [INFO] [MainThread] [cli_server/cli_server.py:106]: Log pipe server started
2026-03-04 21:54:23,820 [DEBUG] [MainThread] [qasync._windows._EventPoller/_windows.py:215]: Starting (proactor: <_IocpProactor overlapped#=0 result#=0>)...
2026-03-04 21:54:23,822 [DEBUG] [Dummy-3] [qasync._windows._EventWorker/_windows.py:195]: Thread started
2026-03-04 21:54:24,571 [INFO] [MainThread] [root/service.py:102]: UpdateCheckService initialized...
2026-03-04 21:54:24,620 [INFO] [MainThread] [root/bar_manager.py:88]: Starting WindowsNotificationEventListener...
2026-03-04 21:54:24,620 [INFO] [MainThread] [root/bar_manager.py:88]: Starting KomorebiEventListener...
2026-03-04 21:54:24,621 [INFO] [MainThread] [root/bar_manager.py:88]: Starting SystemEventListener...
2026-03-04 21:54:24,621 [ERROR] [MainThread] [root/widget_builder.py:111]: Failed to validate widget(s) due to invalid options  - wallpapers
      gallery:
        orientation:
        - Input should be 'landscape' or 'portrait'
      
2026-03-04 21:54:24,685 [INFO] [Dummy-5] [root/event_listener.py:51]: Created named pipe yasb-9ba23598-17e6-11f1-a842-f387e1505a35
2026-03-04 21:54:24,708 [INFO] [MainThread] [root/watcher.py:65]: Watching directory: c:\users\nalli\.config\yasb
2026-03-04 21:54:24,708 [INFO] [MainThread] [root/watcher.py:104]: Created file watcher
2026-03-04 21:54:24,837 [INFO] [MainThread] [root/update_service.py:429]: Background update checker started
2026-03-04 21:54:24,863 [INFO] [Dummy-5] [root/event_listener.py:125]: Komorebi connected to named pipe: yasb-9ba23598-17e6-11f1-a842-f387e1505a35
2026-03-04 21:54:25,685 [INFO] [MainThread] [root/api.py:69]: Fetching new weather data at 2026-03-04 21:54:25.685583
2026-03-04 21:54:59,183 [DEBUG] [Thread-8] [root/watcher.py:90]: Config file modified: c:\users\nalli\.config\yasb\config.yaml
2026-03-04 21:54:59,200 [INFO] [MainThread] [root/controller.py:15]: Reloading Application because of config change.
2026-03-04 21:54:59,305 [INFO] [MainThread] [cli_server/cli_server.py:114]: Log pipe server stopped
2026-03-04 21:54:59,305 [DEBUG] [MainThread] [cli_server/cli_server.py:209]: CLI server stopped
2026-03-04 21:54:59,309 [INFO] [MainThread] [root/bar_manager.py:79]: Successfully loaded updated config and re-initialised all bars.
2026-03-04 21:54:59,420 [INFO] [MainThread] [root/bar_manager.py:104]: Stopping WindowsNotificationEventListener...
2026-03-04 21:54:59,421 [INFO] [MainThread] [root/bar_manager.py:104]: Stopping KomorebiEventListener...
2026-03-04 21:54:59,421 [INFO] [MainThread] [root/bar_manager.py:104]: Stopping SystemEventListener...
2026-03-04 21:54:59,471 [INFO] [Dummy-5] [root/event_listener.py:92]: Attempting to reconnect to Komorebi...
2026-03-04 21:54:59,814 [INFO] [MainThread] [root/log.py:95]: YASB v1.9.0
2026-03-04 21:54:59,814 [INFO] [CLIPipeServer] [cli_server/cli_server.py:215]: CLI server started v1.1.6
2026-03-04 21:54:59,815 [INFO] [MainThread] [cli_server/cli_server.py:106]: Log pipe server started
2026-03-04 21:54:59,836 [DEBUG] [MainThread] [qasync._windows._EventPoller/_windows.py:215]: Starting (proactor: <_IocpProactor overlapped#=0 result#=0>)...
2026-03-04 21:54:59,837 [DEBUG] [Dummy-3] [qasync._windows._EventWorker/_windows.py:195]: Thread started
2026-03-04 21:55:00,614 [INFO] [MainThread] [root/service.py:102]: UpdateCheckService initialized...
2026-03-04 21:55:00,656 [INFO] [MainThread] [root/bar_manager.py:88]: Starting WindowsNotificationEventListener...
2026-03-04 21:55:00,657 [INFO] [MainThread] [root/bar_manager.py:88]: Starting SystemEventListener...
2026-03-04 21:55:00,658 [INFO] [MainThread] [root/bar_manager.py:88]: Starting KomorebiEventListener...
2026-03-04 21:55:00,659 [INFO] [MainThread] [root/watcher.py:65]: Watching directory: c:\users\nalli\.config\yasb
2026-03-04 21:55:00,659 [INFO] [MainThread] [root/watcher.py:104]: Created file watcher
2026-03-04 21:55:00,746 [INFO] [Dummy-7] [root/event_listener.py:51]: Created named pipe yasb-b11d0292-17e6-11f1-b9aa-f387e1505a35
2026-03-04 21:55:00,837 [INFO] [MainThread] [root/update_service.py:429]: Background update checker started
2026-03-04 21:55:00,893 [INFO] [Dummy-7] [root/event_listener.py:125]: Komorebi connected to named pipe: yasb-b11d0292-17e6-11f1-b9aa-f387e1505a35
2026-03-04 21:55:01,501 [INFO] [MainThread] [root/api.py:69]: Fetching new weather data at 2026-03-04 21:55:01.501619
2026-03-04 21:55:53,867 [DEBUG] [Thread-5] [root/watcher.py:90]: Config file modified: c:\users\nalli\.config\yasb\config.yaml
2026-03-04 21:55:53,891 [ERROR] [MainThread] [root/config.py:121]: The config file 'C:\Users\nalli\.config\yasb\config.yaml' contains validation errors. Please fix:
wallpapers:
- Extra inputs are not permitted

2026-03-04 21:55:59,799 [DEBUG] [Thread-5] [root/watcher.py:90]: Config file modified: c:\users\nalli\.config\yasb\config.yaml
2026-03-04 21:55:59,814 [INFO] [MainThread] [root/controller.py:15]: Reloading Application because of config change.
2026-03-04 21:55:59,928 [INFO] [MainThread] [cli_server/cli_server.py:114]: Log pipe server stopped
2026-03-04 21:55:59,928 [DEBUG] [MainThread] [cli_server/cli_server.py:209]: CLI server stopped
2026-03-04 21:55:59,933 [INFO] [MainThread] [root/bar_manager.py:79]: Successfully loaded updated config and re-initialised all bars.
2026-03-04 21:56:00,097 [INFO] [MainThread] [root/bar_manager.py:104]: Stopping WindowsNotificationEventListener...
2026-03-04 21:56:00,097 [INFO] [MainThread] [root/bar_manager.py:104]: Stopping SystemEventListener...
2026-03-04 21:56:00,098 [INFO] [MainThread] [root/bar_manager.py:104]: Stopping KomorebiEventListener...
2026-03-04 21:56:00,148 [INFO] [Dummy-7] [root/event_listener.py:92]: Attempting to reconnect to Komorebi...
2026-03-04 21:56:00,396 [INFO] [MainThread] [root/log.py:95]: YASB v1.9.0
2026-03-04 21:56:00,397 [INFO] [CLIPipeServer] [cli_server/cli_server.py:215]: CLI server started v1.1.6
2026-03-04 21:56:00,397 [INFO] [MainThread] [cli_server/cli_server.py:106]: Log pipe server started
2026-03-04 21:56:00,431 [DEBUG] [MainThread] [qasync._windows._EventPoller/_windows.py:215]: Starting (proactor: <_IocpProactor overlapped#=0 result#=0>)...
2026-03-04 21:56:00,434 [DEBUG] [Dummy-3] [qasync._windows._EventWorker/_windows.py:195]: Thread started
2026-03-04 21:56:01,086 [INFO] [MainThread] [root/service.py:102]: UpdateCheckService initialized...
2026-03-04 21:56:01,134 [INFO] [MainThread] [root/bar_manager.py:88]: Starting KomorebiEventListener...
2026-03-04 21:56:01,135 [INFO] [MainThread] [root/bar_manager.py:88]: Starting SystemEventListener...
2026-03-04 21:56:01,135 [INFO] [MainThread] [root/bar_manager.py:88]: Starting WindowsNotificationEventListener...
2026-03-04 21:56:01,136 [INFO] [MainThread] [root/watcher.py:65]: Watching directory: c:\users\nalli\.config\yasb
2026-03-04 21:56:01,137 [INFO] [MainThread] [root/watcher.py:104]: Created file watcher
2026-03-04 21:56:01,244 [INFO] [Dummy-7] [root/event_listener.py:51]: Created named pipe yasb-d52912ae-17e6-11f1-b976-f387e1505a35
2026-03-04 21:56:01,283 [INFO] [MainThread] [root/update_service.py:429]: Background update checker started
2026-03-04 21:56:01,415 [INFO] [Dummy-7] [root/event_listener.py:125]: Komorebi connected to named pipe: yasb-d52912ae-17e6-11f1-b976-f387e1505a35
2026-03-04 21:56:01,819 [INFO] [MainThread] [root/api.py:69]: Fetching new weather data at 2026-03-04 21:56:01.819272
2026-03-04 21:56:12,303 [DEBUG] [Thread-5] [root/watcher.py:90]: Config file modified: c:\users\nalli\.config\yasb\config.yaml
2026-03-04 21:56:12,330 [INFO] [MainThread] [root/controller.py:15]: Reloading Application because of config change.
2026-03-04 21:56:12,432 [INFO] [MainThread] [cli_server/cli_server.py:114]: Log pipe server stopped
2026-03-04 21:56:12,433 [DEBUG] [MainThread] [cli_server/cli_server.py:209]: CLI server stopped
2026-03-04 21:56:12,440 [INFO] [MainThread] [root/bar_manager.py:79]: Successfully loaded updated config and re-initialised all bars.
2026-03-04 21:56:12,548 [INFO] [MainThread] [root/bar_manager.py:104]: Stopping KomorebiEventListener...
2026-03-04 21:56:12,548 [INFO] [MainThread] [root/bar_manager.py:104]: Stopping SystemEventListener...
2026-03-04 21:56:12,548 [INFO] [MainThread] [root/bar_manager.py:104]: Stopping WindowsNotificationEventListener...
2026-03-04 21:56:12,549 [INFO] [Dummy-7] [root/event_listener.py:92]: Attempting to reconnect to Komorebi...
2026-03-04 21:56:12,923 [INFO] [MainThread] [root/log.py:95]: YASB v1.9.0
2026-03-04 21:56:12,924 [INFO] [CLIPipeServer] [cli_server/cli_server.py:215]: CLI server started v1.1.6
2026-03-04 21:56:12,924 [INFO] [MainThread] [cli_server/cli_server.py:106]: Log pipe server started
2026-03-04 21:56:12,944 [DEBUG] [MainThread] [qasync._windows._EventPoller/_windows.py:215]: Starting (proactor: <_IocpProactor overlapped#=0 result#=0>)...
2026-03-04 21:56:12,946 [DEBUG] [Dummy-3] [qasync._windows._EventWorker/_windows.py:195]: Thread started
2026-03-04 21:56:13,693 [INFO] [MainThread] [root/service.py:102]: UpdateCheckService initialized...
2026-03-04 21:56:13,741 [INFO] [MainThread] [root/bar_manager.py:88]: Starting SystemEventListener...
2026-03-04 21:56:13,741 [INFO] [MainThread] [root/bar_manager.py:88]: Starting WindowsNotificationEventListener...
2026-03-04 21:56:13,742 [INFO] [MainThread] [root/bar_manager.py:88]: Starting KomorebiEventListener...
2026-03-04 21:56:13,743 [INFO] [MainThread] [root/watcher.py:65]: Watching directory: c:\users\nalli\.config\yasb
2026-03-04 21:56:13,743 [INFO] [MainThread] [root/watcher.py:104]: Created file watcher
2026-03-04 21:56:13,826 [INFO] [Dummy-7] [root/event_listener.py:51]: Created named pipe yasb-dcacc9a2-17e6-11f1-b8da-f387e1505a35
2026-03-04 21:56:13,888 [INFO] [MainThread] [root/update_service.py:429]: Background update checker started
2026-03-04 21:56:13,975 [INFO] [Dummy-7] [root/event_listener.py:125]: Komorebi connected to named pipe: yasb-dcacc9a2-17e6-11f1-b8da-f387e1505a35
2026-03-04 21:56:14,329 [INFO] [MainThread] [root/api.py:69]: Fetching new weather data at 2026-03-04 21:56:14.328974
2026-03-04 21:56:15,514 [DEBUG] [Thread-5] [root/watcher.py:90]: Config file modified: c:\users\nalli\.config\yasb\config.yaml
2026-03-04 21:56:15,528 [INFO] [MainThread] [root/controller.py:15]: Reloading Application because of config change.
2026-03-04 21:56:15,639 [INFO] [MainThread] [cli_server/cli_server.py:114]: Log pipe server stopped
2026-03-04 21:56:15,639 [DEBUG] [MainThread] [cli_server/cli_server.py:209]: CLI server stopped
2026-03-04 21:56:15,642 [INFO] [MainThread] [root/bar_manager.py:79]: Successfully loaded updated config and re-initialised all bars.
2026-03-04 21:56:15,731 [INFO] [MainThread] [root/bar_manager.py:104]: Stopping SystemEventListener...
2026-03-04 21:56:15,731 [INFO] [MainThread] [root/bar_manager.py:104]: Stopping WindowsNotificationEventListener...
2026-03-04 21:56:15,731 [INFO] [MainThread] [root/bar_manager.py:104]: Stopping KomorebiEventListener...
2026-03-04 21:56:15,781 [INFO] [Dummy-7] [root/event_listener.py:92]: Attempting to reconnect to Komorebi...
2026-03-04 21:56:16,144 [INFO] [MainThread] [root/log.py:95]: YASB v1.9.0
2026-03-04 21:56:16,145 [INFO] [CLIPipeServer] [cli_server/cli_server.py:215]: CLI server started v1.1.6
2026-03-04 21:56:16,145 [INFO] [MainThread] [cli_server/cli_server.py:106]: Log pipe server started
2026-03-04 21:56:16,171 [DEBUG] [MainThread] [qasync._windows._EventPoller/_windows.py:215]: Starting (proactor: <_IocpProactor overlapped#=0 result#=0>)...
2026-03-04 21:56:16,172 [DEBUG] [Dummy-3] [qasync._windows._EventWorker/_windows.py:195]: Thread started
2026-03-04 21:56:16,912 [INFO] [MainThread] [root/service.py:102]: UpdateCheckService initialized...
2026-03-04 21:56:16,956 [INFO] [MainThread] [root/bar_manager.py:88]: Starting SystemEventListener...
2026-03-04 21:56:16,956 [INFO] [MainThread] [root/bar_manager.py:88]: Starting KomorebiEventListener...
2026-03-04 21:56:16,956 [INFO] [MainThread] [root/bar_manager.py:88]: Starting WindowsNotificationEventListener...
2026-03-04 21:56:16,958 [INFO] [MainThread] [root/watcher.py:65]: Watching directory: c:\users\nalli\.config\yasb
2026-03-04 21:56:16,958 [INFO] [MainThread] [root/watcher.py:104]: Created file watcher
2026-03-04 21:56:17,039 [INFO] [Dummy-7] [root/event_listener.py:51]: Created named pipe yasb-de973a11-17e6-11f1-a4df-f387e1505a35
2026-03-04 21:56:17,061 [INFO] [MainThread] [root/update_service.py:429]: Background update checker started
2026-03-04 21:56:17,193 [INFO] [Dummy-7] [root/event_listener.py:125]: Komorebi connected to named pipe: yasb-de973a11-17e6-11f1-a4df-f387e1505a35
2026-03-04 21:56:17,445 [INFO] [MainThread] [root/api.py:69]: Fetching new weather data at 2026-03-04 21:56:17.445580
2026-03-04 21:56:18,382 [DEBUG] [Thread-5] [root/watcher.py:90]: Config file modified: c:\users\nalli\.config\yasb\config.yaml
2026-03-04 21:56:18,404 [INFO] [MainThread] [root/controller.py:15]: Reloading Application because of config change.
2026-03-04 21:56:18,514 [INFO] [MainThread] [cli_server/cli_server.py:114]: Log pipe server stopped
2026-03-04 21:56:18,514 [DEBUG] [MainThread] [cli_server/cli_server.py:209]: CLI server stopped
2026-03-04 21:56:18,517 [INFO] [MainThread] [root/bar_manager.py:79]: Successfully loaded updated config and re-initialised all bars.
2026-03-04 21:56:18,609 [INFO] [MainThread] [root/bar_manager.py:104]: Stopping SystemEventListener...
2026-03-04 21:56:18,609 [INFO] [MainThread] [root/bar_manager.py:104]: Stopping KomorebiEventListener...
2026-03-04 21:56:18,610 [INFO] [MainThread] [root/bar_manager.py:104]: Stopping WindowsNotificationEventListener...
2026-03-04 21:56:18,660 [INFO] [Dummy-7] [root/event_listener.py:92]: Attempting to reconnect to Komorebi...
2026-03-04 21:56:18,976 [INFO] [MainThread] [root/log.py:95]: YASB v1.9.0
2026-03-04 21:56:18,977 [INFO] [CLIPipeServer] [cli_server/cli_server.py:215]: CLI server started v1.1.6
2026-03-04 21:56:18,977 [INFO] [MainThread] [cli_server/cli_server.py:106]: Log pipe server started
2026-03-04 21:56:19,002 [DEBUG] [MainThread] [qasync._windows._EventPoller/_windows.py:215]: Starting (proactor: <_IocpProactor overlapped#=0 result#=0>)...
2026-03-04 21:56:19,003 [DEBUG] [Dummy-3] [qasync._windows._EventWorker/_windows.py:195]: Thread started
2026-03-04 21:56:19,724 [INFO] [MainThread] [root/service.py:102]: UpdateCheckService initialized...
2026-03-04 21:56:19,774 [INFO] [MainThread] [root/bar_manager.py:88]: Starting SystemEventListener...
2026-03-04 21:56:19,774 [INFO] [MainThread] [root/bar_manager.py:88]: Starting KomorebiEventListener...
2026-03-04 21:56:19,774 [INFO] [MainThread] [root/bar_manager.py:88]: Starting WindowsNotificationEventListener...
2026-03-04 21:56:19,776 [INFO] [MainThread] [root/watcher.py:65]: Watching directory: c:\users\nalli\.config\yasb
2026-03-04 21:56:19,776 [INFO] [MainThread] [root/watcher.py:104]: Created file watcher
2026-03-04 21:56:19,859 [INFO] [Dummy-7] [root/event_listener.py:51]: Created named pipe yasb-e0454184-17e6-11f1-be1d-f387e1505a35
2026-03-04 21:56:19,889 [INFO] [MainThread] [root/update_service.py:429]: Background update checker started
2026-03-04 21:56:20,036 [INFO] [Dummy-7] [root/event_listener.py:125]: Komorebi connected to named pipe: yasb-e0454184-17e6-11f1-be1d-f387e1505a35
2026-03-04 21:56:20,781 [INFO] [MainThread] [root/api.py:69]: Fetching new weather data at 2026-03-04 21:56:20.781825
2026-03-04 21:56:26,899 [DEBUG] [Thread-5] [root/watcher.py:90]: Config file modified: c:\users\nalli\.config\yasb\config.yaml
2026-03-04 21:56:26,921 [INFO] [MainThread] [root/controller.py:15]: Reloading Application because of config change.
2026-03-04 21:56:27,030 [INFO] [MainThread] [cli_server/cli_server.py:114]: Log pipe server stopped
2026-03-04 21:56:27,030 [DEBUG] [MainThread] [cli_server/cli_server.py:209]: CLI server stopped
2026-03-04 21:56:27,035 [INFO] [MainThread] [root/bar_manager.py:79]: Successfully loaded updated config and re-initialised all bars.
2026-03-04 21:56:27,135 [INFO] [MainThread] [root/bar_manager.py:104]: Stopping SystemEventListener...
2026-03-04 21:56:27,136 [INFO] [MainThread] [root/bar_manager.py:104]: Stopping KomorebiEventListener...
2026-03-04 21:56:27,136 [INFO] [MainThread] [root/bar_manager.py:104]: Stopping WindowsNotificationEventListener...
2026-03-04 21:56:27,178 [INFO] [Dummy-7] [root/event_listener.py:92]: Attempting to reconnect to Komorebi...
2026-03-04 21:56:27,540 [INFO] [MainThread] [root/log.py:95]: YASB v1.9.0
2026-03-04 21:56:27,540 [INFO] [CLIPipeServer] [cli_server/cli_server.py:215]: CLI server started v1.1.6
2026-03-04 21:56:27,541 [INFO] [MainThread] [cli_server/cli_server.py:106]: Log pipe server started
2026-03-04 21:56:27,567 [DEBUG] [MainThread] [qasync._windows._EventPoller/_windows.py:215]: Starting (proactor: <_IocpProactor overlapped#=0 result#=0>)...
2026-03-04 21:56:27,569 [DEBUG] [Dummy-3] [qasync._windows._EventWorker/_windows.py:195]: Thread started
2026-03-04 21:56:28,360 [INFO] [MainThread] [root/service.py:102]: UpdateCheckService initialized...
2026-03-04 21:56:28,407 [INFO] [MainThread] [root/bar_manager.py:88]: Starting SystemEventListener...
2026-03-04 21:56:28,407 [INFO] [MainThread] [root/bar_manager.py:88]: Starting WindowsNotificationEventListener...
2026-03-04 21:56:28,408 [INFO] [MainThread] [root/bar_manager.py:88]: Starting KomorebiEventListener...
2026-03-04 21:56:28,408 [ERROR] [MainThread] [root/widget_builder.py:111]: Failed to validate widget(s) due to invalid options  - wallpapers
      gallery:
        orientation:
        - Input should be 'landscape' or 'portrait'
      
2026-03-04 21:56:28,440 [INFO] [Dummy-5] [root/event_listener.py:51]: Created named pipe yasb-e56ab095-17e6-11f1-850d-f387e1505a35
2026-03-04 21:56:28,462 [INFO] [MainThread] [root/watcher.py:65]: Watching directory: c:\users\nalli\.config\yasb
2026-03-04 21:56:28,463 [INFO] [MainThread] [root/watcher.py:104]: Created file watcher
2026-03-04 21:56:28,566 [INFO] [MainThread] [root/update_service.py:429]: Background update checker started
2026-03-04 21:56:28,607 [INFO] [Dummy-5] [root/event_listener.py:125]: Komorebi connected to named pipe: yasb-e56ab095-17e6-11f1-850d-f387e1505a35
2026-03-04 21:56:28,880 [DEBUG] [Thread-8] [root/watcher.py:90]: Config file modified: c:\users\nalli\.config\yasb\config.yaml
2026-03-04 21:56:29,054 [INFO] [MainThread] [root/controller.py:15]: Reloading Application because of config change.
2026-03-04 21:56:29,154 [INFO] [MainThread] [cli_server/cli_server.py:114]: Log pipe server stopped
2026-03-04 21:56:29,154 [DEBUG] [MainThread] [cli_server/cli_server.py:209]: CLI server stopped
2026-03-04 21:56:29,158 [INFO] [MainThread] [root/bar_manager.py:79]: Successfully loaded updated config and re-initialised all bars.
2026-03-04 21:56:29,422 [INFO] [MainThread] [root/bar_manager.py:104]: Stopping SystemEventListener...
2026-03-04 21:56:29,422 [INFO] [MainThread] [root/bar_manager.py:104]: Stopping WindowsNotificationEventListener...
2026-03-04 21:56:29,422 [INFO] [MainThread] [root/bar_manager.py:104]: Stopping KomorebiEventListener...
2026-03-04 21:56:29,459 [INFO] [Dummy-5] [root/event_listener.py:92]: Attempting to reconnect to Komorebi...
2026-03-04 21:56:29,510 [ERROR] [MainThread] [qasync._QEventLoop/__init__.py:770]: Task was destroyed but it is pending!
task: <Task pending name='Task-2' coro=<WindowsMedia.run() running at D:\a\yasb\yasb\src\core\utils\widgets\media\media.py:81> wait_for=<Future pending cb=[Task.task_wakeup()]>>
2026-03-04 21:56:29,609 [INFO] [MainThread] [root/log.py:95]: YASB v1.9.0
2026-03-04 21:56:29,610 [INFO] [CLIPipeServer] [cli_server/cli_server.py:215]: CLI server started v1.1.6
2026-03-04 21:56:29,610 [INFO] [MainThread] [cli_server/cli_server.py:106]: Log pipe server started
2026-03-04 21:56:29,610 [INFO] [MainThread] [root/main.py:46]: Waiting for previous YASB instance to exit...
2026-03-04 21:56:29,861 [INFO] [MainThread] [root/main.py:72]: Previous instance exited, continuing startup.
2026-03-04 21:56:29,881 [DEBUG] [MainThread] [qasync._windows._EventPoller/_windows.py:215]: Starting (proactor: <_IocpProactor overlapped#=0 result#=0>)...
2026-03-04 21:56:29,882 [DEBUG] [Dummy-3] [qasync._windows._EventWorker/_windows.py:195]: Thread started
2026-03-04 21:56:30,601 [INFO] [MainThread] [root/service.py:102]: UpdateCheckService initialized...
2026-03-04 21:56:30,648 [INFO] [MainThread] [root/bar_manager.py:88]: Starting SystemEventListener...
2026-03-04 21:56:30,649 [INFO] [MainThread] [root/bar_manager.py:88]: Starting KomorebiEventListener...
2026-03-04 21:56:30,649 [INFO] [MainThread] [root/bar_manager.py:88]: Starting WindowsNotificationEventListener...
2026-03-04 21:56:30,651 [INFO] [MainThread] [root/watcher.py:65]: Watching directory: c:\users\nalli\.config\yasb
2026-03-04 21:56:30,651 [INFO] [MainThread] [root/watcher.py:104]: Created file watcher
2026-03-04 21:56:30,730 [INFO] [Dummy-7] [root/event_listener.py:51]: Created named pipe yasb-e6c09945-17e6-11f1-811f-f387e1505a35
2026-03-04 21:56:30,756 [INFO] [MainThread] [root/update_service.py:429]: Background update checker started
2026-03-04 21:56:30,895 [INFO] [Dummy-7] [root/event_listener.py:125]: Komorebi connected to named pipe: yasb-e6c09945-17e6-11f1-811f-f387e1505a35
2026-03-04 21:56:31,212 [INFO] [MainThread] [root/api.py:69]: Fetching new weather data at 2026-03-04 21:56:31.212529
2026-03-04 21:56:53,485 [DEBUG] [Thread-5] [root/watcher.py:90]: Config file modified: c:\users\nalli\.config\yasb\config.yaml
2026-03-04 21:56:53,510 [INFO] [MainThread] [root/controller.py:15]: Reloading Application because of config change.
2026-03-04 21:56:53,625 [INFO] [MainThread] [cli_server/cli_server.py:114]: Log pipe server stopped
2026-03-04 21:56:53,625 [DEBUG] [MainThread] [cli_server/cli_server.py:209]: CLI server stopped
2026-03-04 21:56:53,629 [INFO] [MainThread] [root/bar_manager.py:79]: Successfully loaded updated config and re-initialised all bars.
2026-03-04 21:56:53,720 [INFO] [MainThread] [root/bar_manager.py:104]: Stopping SystemEventListener...
2026-03-04 21:56:53,720 [INFO] [MainThread] [root/bar_manager.py:104]: Stopping KomorebiEventListener...
2026-03-04 21:56:53,720 [INFO] [MainThread] [root/bar_manager.py:104]: Stopping WindowsNotificationEventListener...
2026-03-04 21:56:53,767 [INFO] [Dummy-7] [root/event_listener.py:92]: Attempting to reconnect to Komorebi...
2026-03-04 21:56:54,163 [INFO] [MainThread] [root/log.py:95]: YASB v1.9.0
2026-03-04 21:56:54,163 [INFO] [CLIPipeServer] [cli_server/cli_server.py:215]: CLI server started v1.1.6
2026-03-04 21:56:54,164 [INFO] [MainThread] [cli_server/cli_server.py:106]: Log pipe server started
2026-03-04 21:56:54,191 [DEBUG] [MainThread] [qasync._windows._EventPoller/_windows.py:215]: Starting (proactor: <_IocpProactor overlapped#=0 result#=0>)...
2026-03-04 21:56:54,192 [DEBUG] [Dummy-3] [qasync._windows._EventWorker/_windows.py:195]: Thread started
2026-03-04 21:56:54,877 [INFO] [MainThread] [root/service.py:102]: UpdateCheckService initialized...
2026-03-04 21:56:54,920 [INFO] [MainThread] [root/bar_manager.py:88]: Starting WindowsNotificationEventListener...
2026-03-04 21:56:54,921 [INFO] [MainThread] [root/bar_manager.py:88]: Starting KomorebiEventListener...
2026-03-04 21:56:54,921 [INFO] [MainThread] [root/bar_manager.py:88]: Starting SystemEventListener...
2026-03-04 21:56:54,922 [INFO] [MainThread] [root/watcher.py:65]: Watching directory: c:\users\nalli\.config\yasb
2026-03-04 21:56:54,922 [INFO] [MainThread] [root/watcher.py:104]: Created file watcher
2026-03-04 21:56:54,994 [INFO] [Dummy-7] [root/event_listener.py:51]: Created named pipe yasb-f53839c3-17e6-11f1-926a-f387e1505a35
2026-03-04 21:56:55,054 [INFO] [MainThread] [root/update_service.py:429]: Background update checker started
2026-03-04 21:56:55,140 [INFO] [Dummy-7] [root/event_listener.py:125]: Komorebi connected to named pipe: yasb-f53839c3-17e6-11f1-926a-f387e1505a35
2026-03-04 21:56:55,407 [INFO] [MainThread] [root/api.py:69]: Fetching new weather data at 2026-03-04 21:56:55.407484
2026-03-04 21:57:58,369 [DEBUG] [Thread-5] [root/watcher.py:84]: Stylesheet modified: c:\users\nalli\.config\yasb\styles.css
2026-03-04 21:58:25,106 [DEBUG] [Thread-5] [root/watcher.py:84]: Stylesheet modified: c:\users\nalli\.config\yasb\styles.css
2026-03-04 21:59:04,595 [DEBUG] [Thread-5] [root/watcher.py:84]: Stylesheet modified: c:\users\nalli\.config\yasb\styles.css
2026-03-04 22:00:29,813 [DEBUG] [Thread-5] [root/watcher.py:84]: Stylesheet modified: c:\users\nalli\.config\yasb\styles.css
2026-03-04 22:00:32,683 [DEBUG] [Thread-5] [root/watcher.py:84]: Stylesheet modified: c:\users\nalli\.config\yasb\styles.css
2026-03-04 22:00:36,810 [DEBUG] [Thread-5] [root/watcher.py:84]: Stylesheet modified: c:\users\nalli\.config\yasb\styles.css
2026-03-04 22:00:40,992 [DEBUG] [Thread-5] [root/watcher.py:84]: Stylesheet modified: c:\users\nalli\.config\yasb\styles.css
2026-03-04 22:00:42,831 [DEBUG] [Thread-5] [root/watcher.py:84]: Stylesheet modified: c:\users\nalli\.config\yasb\styles.css
2026-03-04 22:00:45,483 [DEBUG] [Thread-5] [root/watcher.py:84]: Stylesheet modified: c:\users\nalli\.config\yasb\styles.css
2026-03-04 22:00:55,945 [DEBUG] [Thread-5] [root/watcher.py:84]: Stylesheet modified: c:\users\nalli\.config\yasb\styles.css
2026-03-04 22:00:57,679 [DEBUG] [Thread-5] [root/watcher.py:84]: Stylesheet modified: c:\users\nalli\.config\yasb\styles.css
2026-03-04 22:00:59,615 [DEBUG] [Thread-5] [root/watcher.py:84]: Stylesheet modified: c:\users\nalli\.config\yasb\styles.css
2026-03-04 22:01:34,542 [DEBUG] [Thread-5] [root/watcher.py:84]: Stylesheet modified: c:\users\nalli\.config\yasb\styles.css
2026-03-04 22:01:36,337 [DEBUG] [Thread-5] [root/watcher.py:84]: Stylesheet modified: c:\users\nalli\.config\yasb\styles.css
2026-03-04 22:01:38,483 [DEBUG] [Thread-5] [root/watcher.py:84]: Stylesheet modified: c:\users\nalli\.config\yasb\styles.css
2026-03-04 22:01:45,420 [DEBUG] [Thread-5] [root/watcher.py:84]: Stylesheet modified: c:\users\nalli\.config\yasb\styles.css
2026-03-04 22:01:50,069 [DEBUG] [Thread-5] [root/watcher.py:84]: Stylesheet modified: c:\users\nalli\.config\yasb\styles.css
2026-03-04 22:01:54,347 [DEBUG] [Thread-5] [root/watcher.py:84]: Stylesheet modified: c:\users\nalli\.config\yasb\styles.css
2026-03-04 22:01:56,370 [DEBUG] [Thread-5] [root/watcher.py:84]: Stylesheet modified: c:\users\nalli\.config\yasb\styles.css
2026-03-04 22:03:40,148 [DEBUG] [Thread-5] [root/watcher.py:90]: Config file modified: c:\users\nalli\.config\yasb\config.yaml
2026-03-04 22:03:47,972 [DEBUG] [Thread-5] [root/watcher.py:90]: Config file modified: c:\users\nalli\.config\yasb\config.yaml
2026-03-04 22:04:07,522 [DEBUG] [Thread-5] [root/watcher.py:90]: Config file modified: c:\users\nalli\.config\yasb\config.yaml
2026-03-04 22:04:07,537 [DEBUG] [Thread-5] [root/watcher.py:90]: Config file modified: c:\users\nalli\.config\yasb\config.yaml
2026-03-04 22:04:07,557 [INFO] [MainThread] [root/controller.py:15]: Reloading Application because of config change.
2026-03-04 22:04:07,668 [INFO] [MainThread] [cli_server/cli_server.py:114]: Log pipe server stopped
2026-03-04 22:04:07,668 [DEBUG] [MainThread] [cli_server/cli_server.py:209]: CLI server stopped
2026-03-04 22:04:07,672 [INFO] [MainThread] [root/bar_manager.py:79]: Successfully loaded updated config and re-initialised all bars.
2026-03-04 22:04:07,793 [INFO] [MainThread] [root/bar_manager.py:104]: Stopping WindowsNotificationEventListener...
2026-03-04 22:04:07,794 [INFO] [MainThread] [root/bar_manager.py:104]: Stopping KomorebiEventListener...
2026-03-04 22:04:07,794 [INFO] [MainThread] [root/bar_manager.py:104]: Stopping SystemEventListener...
2026-03-04 22:04:07,844 [INFO] [Dummy-7] [root/event_listener.py:92]: Attempting to reconnect to Komorebi...
2026-03-04 22:04:08,133 [INFO] [MainThread] [root/log.py:95]: YASB v1.9.0
2026-03-04 22:04:08,133 [INFO] [CLIPipeServer] [cli_server/cli_server.py:215]: CLI server started v1.1.6
2026-03-04 22:04:08,134 [INFO] [MainThread] [cli_server/cli_server.py:106]: Log pipe server started
2026-03-04 22:04:08,175 [DEBUG] [MainThread] [qasync._windows._EventPoller/_windows.py:215]: Starting (proactor: <_IocpProactor overlapped#=0 result#=0>)...
2026-03-04 22:04:08,177 [DEBUG] [Dummy-3] [qasync._windows._EventWorker/_windows.py:195]: Thread started
2026-03-04 22:04:08,852 [INFO] [MainThread] [root/service.py:102]: UpdateCheckService initialized...
2026-03-04 22:04:08,911 [INFO] [MainThread] [root/bar_manager.py:88]: Starting KomorebiEventListener...
2026-03-04 22:04:08,912 [INFO] [MainThread] [root/bar_manager.py:88]: Starting WindowsNotificationEventListener...
2026-03-04 22:04:08,913 [INFO] [MainThread] [root/bar_manager.py:88]: Starting SystemEventListener...
2026-03-04 22:04:08,914 [INFO] [MainThread] [root/watcher.py:65]: Watching directory: c:\users\nalli\.config\yasb
2026-03-04 22:04:08,914 [INFO] [MainThread] [root/watcher.py:104]: Created file watcher
2026-03-04 22:04:09,035 [INFO] [Dummy-7] [root/event_listener.py:51]: Created named pipe yasb-f7e5e9dd-17e7-11f1-8638-f387e1505a35
2026-03-04 22:04:09,102 [INFO] [MainThread] [root/update_service.py:429]: Background update checker started
2026-03-04 22:04:09,249 [INFO] [Dummy-7] [root/event_listener.py:125]: Komorebi connected to named pipe: yasb-f7e5e9dd-17e7-11f1-8638-f387e1505a35
2026-03-04 22:04:11,723 [INFO] [MainThread] [root/api.py:69]: Fetching new weather data at 2026-03-04 22:04:11.723161
2026-03-04 22:04:23,615 [DEBUG] [Thread-5] [root/watcher.py:90]: Config file modified: c:\users\nalli\.config\yasb\config.yaml
2026-03-04 22:04:23,644 [INFO] [MainThread] [root/controller.py:15]: Reloading Application because of config change.
2026-03-04 22:04:23,749 [INFO] [MainThread] [cli_server/cli_server.py:114]: Log pipe server stopped
2026-03-04 22:04:23,749 [DEBUG] [MainThread] [cli_server/cli_server.py:209]: CLI server stopped
2026-03-04 22:04:23,754 [INFO] [MainThread] [root/bar_manager.py:79]: Successfully loaded updated config and re-initialised all bars.
2026-03-04 22:04:23,853 [INFO] [MainThread] [root/bar_manager.py:104]: Stopping KomorebiEventListener...
2026-03-04 22:04:23,853 [INFO] [MainThread] [root/bar_manager.py:104]: Stopping WindowsNotificationEventListener...
2026-03-04 22:04:23,853 [INFO] [MainThread] [root/bar_manager.py:104]: Stopping SystemEventListener...
2026-03-04 22:04:23,880 [INFO] [Dummy-7] [root/event_listener.py:92]: Attempting to reconnect to Komorebi...
2026-03-04 22:04:24,243 [INFO] [MainThread] [root/log.py:95]: YASB v1.9.0
2026-03-04 22:04:24,243 [INFO] [CLIPipeServer] [cli_server/cli_server.py:215]: CLI server started v1.1.6
2026-03-04 22:04:24,243 [INFO] [MainThread] [cli_server/cli_server.py:106]: Log pipe server started
2026-03-04 22:04:24,276 [DEBUG] [MainThread] [qasync._windows._EventPoller/_windows.py:215]: Starting (proactor: <_IocpProactor overlapped#=0 result#=0>)...
2026-03-04 22:04:24,277 [DEBUG] [Dummy-3] [qasync._windows._EventWorker/_windows.py:195]: Thread started
2026-03-04 22:04:25,021 [INFO] [MainThread] [root/service.py:102]: UpdateCheckService initialized...
2026-03-04 22:04:25,076 [INFO] [MainThread] [root/bar_manager.py:88]: Starting WindowsNotificationEventListener...
2026-03-04 22:04:25,078 [INFO] [MainThread] [root/bar_manager.py:88]: Starting KomorebiEventListener...
2026-03-04 22:04:25,078 [INFO] [MainThread] [root/bar_manager.py:88]: Starting SystemEventListener...
2026-03-04 22:04:25,079 [INFO] [MainThread] [root/watcher.py:65]: Watching directory: c:\users\nalli\.config\yasb
2026-03-04 22:04:25,079 [INFO] [MainThread] [root/watcher.py:104]: Created file watcher
2026-03-04 22:04:25,179 [INFO] [Dummy-7] [root/event_listener.py:51]: Created named pipe yasb-0188afcb-17e8-11f1-ba85-f387e1505a35
2026-03-04 22:04:25,225 [INFO] [MainThread] [root/update_service.py:429]: Background update checker started
2026-03-04 22:04:25,369 [INFO] [Dummy-7] [root/event_listener.py:125]: Komorebi connected to named pipe: yasb-0188afcb-17e8-11f1-ba85-f387e1505a35
2026-03-04 22:04:25,637 [INFO] [MainThread] [root/api.py:69]: Fetching new weather data at 2026-03-04 22:04:25.637627
2026-03-04 22:05:20,792 [DEBUG] [Thread-5] [root/watcher.py:90]: Config file modified: c:\users\nalli\.config\yasb\config.yaml
2026-03-04 22:05:20,822 [INFO] [MainThread] [root/controller.py:15]: Reloading Application because of config change.
2026-03-04 22:05:20,931 [INFO] [MainThread] [cli_server/cli_server.py:114]: Log pipe server stopped
2026-03-04 22:05:20,931 [DEBUG] [MainThread] [cli_server/cli_server.py:209]: CLI server stopped
2026-03-04 22:05:20,936 [INFO] [MainThread] [root/bar_manager.py:79]: Successfully loaded updated config and re-initialised all bars.
2026-03-04 22:05:21,041 [INFO] [MainThread] [root/bar_manager.py:104]: Stopping WindowsNotificationEventListener...
2026-03-04 22:05:21,042 [INFO] [MainThread] [root/bar_manager.py:104]: Stopping KomorebiEventListener...
2026-03-04 22:05:21,042 [INFO] [MainThread] [root/bar_manager.py:104]: Stopping SystemEventListener...
2026-03-04 22:05:21,089 [INFO] [Dummy-7] [root/event_listener.py:92]: Attempting to reconnect to Komorebi...
2026-03-04 22:05:21,429 [INFO] [MainThread] [root/log.py:95]: YASB v1.9.0
2026-03-04 22:05:21,430 [INFO] [CLIPipeServer] [cli_server/cli_server.py:215]: CLI server started v1.1.6
2026-03-04 22:05:21,430 [INFO] [MainThread] [cli_server/cli_server.py:106]: Log pipe server started
2026-03-04 22:05:21,460 [DEBUG] [MainThread] [qasync._windows._EventPoller/_windows.py:215]: Starting (proactor: <_IocpProactor overlapped#=0 result#=0>)...
2026-03-04 22:05:21,460 [DEBUG] [Dummy-3] [qasync._windows._EventWorker/_windows.py:195]: Thread started
2026-03-04 22:05:22,192 [INFO] [MainThread] [root/service.py:102]: UpdateCheckService initialized...
2026-03-04 22:05:22,243 [INFO] [MainThread] [root/bar_manager.py:88]: Starting KomorebiEventListener...
2026-03-04 22:05:22,243 [INFO] [MainThread] [root/bar_manager.py:88]: Starting SystemEventListener...
2026-03-04 22:05:22,243 [INFO] [MainThread] [root/bar_manager.py:88]: Starting WindowsNotificationEventListener...
2026-03-04 22:05:22,244 [INFO] [MainThread] [root/watcher.py:65]: Watching directory: c:\users\nalli\.config\yasb
2026-03-04 22:05:22,244 [INFO] [MainThread] [root/watcher.py:104]: Created file watcher
2026-03-04 22:05:22,341 [INFO] [Dummy-7] [root/event_listener.py:51]: Created named pipe yasb-239b6010-17e8-11f1-9bc2-f387e1505a35
2026-03-04 22:05:22,413 [INFO] [MainThread] [root/update_service.py:429]: Background update checker started
2026-03-04 22:05:22,478 [INFO] [Dummy-7] [root/event_listener.py:125]: Komorebi connected to named pipe: yasb-239b6010-17e8-11f1-9bc2-f387e1505a35
2026-03-04 22:05:22,961 [INFO] [MainThread] [root/api.py:69]: Fetching new weather data at 2026-03-04 22:05:22.961614
2026-03-04 22:06:49,581 [DEBUG] [Thread-5] [root/watcher.py:90]: Config file modified: c:\users\nalli\.config\yasb\config.yaml
2026-03-04 22:06:49,606 [ERROR] [MainThread] [root/config.py:121]: The config file 'C:\Users\nalli\.config\yasb\config.yaml' contains validation errors. Please fix:
wallpapers:
- Extra inputs are not permitted

2026-03-04 22:06:58,978 [DEBUG] [Thread-5] [root/watcher.py:90]: Config file modified: c:\users\nalli\.config\yasb\config.yaml
2026-03-04 22:06:58,994 [INFO] [MainThread] [root/controller.py:15]: Reloading Application because of config change.
2026-03-04 22:06:59,113 [INFO] [MainThread] [cli_server/cli_server.py:114]: Log pipe server stopped
2026-03-04 22:06:59,113 [DEBUG] [MainThread] [cli_server/cli_server.py:209]: CLI server stopped
2026-03-04 22:06:59,117 [INFO] [MainThread] [root/bar_manager.py:79]: Successfully loaded updated config and re-initialised all bars.
2026-03-04 22:06:59,306 [INFO] [MainThread] [root/bar_manager.py:104]: Stopping KomorebiEventListener...
2026-03-04 22:06:59,306 [INFO] [MainThread] [root/bar_manager.py:104]: Stopping SystemEventListener...
2026-03-04 22:06:59,306 [INFO] [Dummy-7] [root/event_listener.py:92]: Attempting to reconnect to Komorebi...
2026-03-04 22:06:59,306 [INFO] [MainThread] [root/bar_manager.py:104]: Stopping WindowsNotificationEventListener...
2026-03-04 22:06:59,582 [INFO] [MainThread] [root/log.py:95]: YASB v1.9.0
2026-03-04 22:06:59,582 [INFO] [CLIPipeServer] [cli_server/cli_server.py:215]: CLI server started v1.1.6
2026-03-04 22:06:59,583 [INFO] [MainThread] [cli_server/cli_server.py:106]: Log pipe server started
2026-03-04 22:06:59,583 [INFO] [MainThread] [root/main.py:46]: Waiting for previous YASB instance to exit...
2026-03-04 22:06:59,834 [INFO] [MainThread] [root/main.py:72]: Previous instance exited, continuing startup.
2026-03-04 22:06:59,859 [DEBUG] [MainThread] [qasync._windows._EventPoller/_windows.py:215]: Starting (proactor: <_IocpProactor overlapped#=0 result#=0>)...
2026-03-04 22:06:59,859 [DEBUG] [Dummy-3] [qasync._windows._EventWorker/_windows.py:195]: Thread started
2026-03-04 22:07:00,559 [INFO] [MainThread] [root/service.py:102]: UpdateCheckService initialized...
2026-03-04 22:07:00,616 [INFO] [MainThread] [root/bar_manager.py:88]: Starting KomorebiEventListener...
2026-03-04 22:07:00,616 [INFO] [MainThread] [root/bar_manager.py:88]: Starting WindowsNotificationEventListener...
2026-03-04 22:07:00,617 [INFO] [MainThread] [root/bar_manager.py:88]: Starting SystemEventListener...
2026-03-04 22:07:00,618 [INFO] [MainThread] [root/watcher.py:65]: Watching directory: c:\users\nalli\.config\yasb
2026-03-04 22:07:00,618 [INFO] [MainThread] [root/watcher.py:104]: Created file watcher
2026-03-04 22:07:00,735 [INFO] [Dummy-7] [root/event_listener.py:51]: Created named pipe yasb-5e3df8c3-17e8-11f1-b86f-f387e1505a35
2026-03-04 22:07:00,775 [INFO] [MainThread] [root/update_service.py:429]: Background update checker started
2026-03-04 22:07:00,906 [INFO] [Dummy-7] [root/event_listener.py:125]: Komorebi connected to named pipe: yasb-5e3df8c3-17e8-11f1-b86f-f387e1505a35
2026-03-04 22:07:01,572 [INFO] [MainThread] [root/api.py:69]: Fetching new weather data at 2026-03-04 22:07:01.572496
2026-03-04 22:07:08,226 [DEBUG] [Thread-5] [root/watcher.py:90]: Config file modified: c:\users\nalli\.config\yasb\config.yaml
2026-03-04 22:07:08,259 [INFO] [MainThread] [root/controller.py:15]: Reloading Application because of config change.
2026-03-04 22:07:08,360 [INFO] [MainThread] [cli_server/cli_server.py:114]: Log pipe server stopped
2026-03-04 22:07:08,361 [DEBUG] [MainThread] [cli_server/cli_server.py:209]: CLI server stopped
2026-03-04 22:07:08,364 [INFO] [MainThread] [root/bar_manager.py:79]: Successfully loaded updated config and re-initialised all bars.
2026-03-04 22:07:08,496 [INFO] [MainThread] [root/bar_manager.py:104]: Stopping KomorebiEventListener...
2026-03-04 22:07:08,496 [INFO] [MainThread] [root/bar_manager.py:104]: Stopping WindowsNotificationEventListener...
2026-03-04 22:07:08,497 [INFO] [MainThread] [root/bar_manager.py:104]: Stopping SystemEventListener...
2026-03-04 22:07:08,542 [INFO] [Dummy-7] [root/event_listener.py:92]: Attempting to reconnect to Komorebi...
2026-03-04 22:07:08,870 [INFO] [MainThread] [root/log.py:95]: YASB v1.9.0
2026-03-04 22:07:08,871 [INFO] [CLIPipeServer] [cli_server/cli_server.py:215]: CLI server started v1.1.6
2026-03-04 22:07:08,871 [INFO] [MainThread] [cli_server/cli_server.py:106]: Log pipe server started
2026-03-04 22:07:08,907 [DEBUG] [MainThread] [qasync._windows._EventPoller/_windows.py:215]: Starting (proactor: <_IocpProactor overlapped#=0 result#=0>)...
2026-03-04 22:07:08,909 [DEBUG] [Dummy-3] [qasync._windows._EventWorker/_windows.py:195]: Thread started
2026-03-04 22:07:09,699 [INFO] [MainThread] [root/service.py:102]: UpdateCheckService initialized...
2026-03-04 22:07:09,753 [INFO] [MainThread] [root/bar_manager.py:88]: Starting KomorebiEventListener...
2026-03-04 22:07:09,753 [INFO] [MainThread] [root/bar_manager.py:88]: Starting WindowsNotificationEventListener...
2026-03-04 22:07:09,754 [INFO] [MainThread] [root/bar_manager.py:88]: Starting SystemEventListener...
2026-03-04 22:07:09,755 [INFO] [MainThread] [root/watcher.py:65]: Watching directory: c:\users\nalli\.config\yasb
2026-03-04 22:07:09,756 [INFO] [MainThread] [root/watcher.py:104]: Created file watcher
2026-03-04 22:07:09,858 [INFO] [Dummy-7] [root/event_listener.py:51]: Created named pipe yasb-63b022a8-17e8-11f1-9e2f-f387e1505a35
2026-03-04 22:07:09,909 [INFO] [MainThread] [root/update_service.py:429]: Background update checker started
2026-03-04 22:07:10,045 [INFO] [Dummy-7] [root/event_listener.py:125]: Komorebi connected to named pipe: yasb-63b022a8-17e8-11f1-9e2f-f387e1505a35
2026-03-04 22:07:10,389 [INFO] [MainThread] [root/api.py:69]: Fetching new weather data at 2026-03-04 22:07:10.388969
2026-03-04 22:07:13,085 [DEBUG] [Thread-5] [root/watcher.py:90]: Config file modified: c:\users\nalli\.config\yasb\config.yaml
2026-03-04 22:07:13,122 [INFO] [MainThread] [root/controller.py:15]: Reloading Application because of config change.
2026-03-04 22:07:13,227 [INFO] [MainThread] [cli_server/cli_server.py:114]: Log pipe server stopped
2026-03-04 22:07:13,227 [DEBUG] [MainThread] [cli_server/cli_server.py:209]: CLI server stopped
2026-03-04 22:07:13,233 [INFO] [MainThread] [root/bar_manager.py:79]: Successfully loaded updated config and re-initialised all bars.
2026-03-04 22:07:13,357 [INFO] [MainThread] [root/bar_manager.py:104]: Stopping KomorebiEventListener...
2026-03-04 22:07:13,358 [INFO] [MainThread] [root/bar_manager.py:104]: Stopping WindowsNotificationEventListener...
2026-03-04 22:07:13,359 [INFO] [MainThread] [root/bar_manager.py:104]: Stopping SystemEventListener...
2026-03-04 22:07:13,408 [INFO] [Dummy-7] [root/event_listener.py:92]: Attempting to reconnect to Komorebi...
2026-03-04 22:07:13,723 [INFO] [MainThread] [root/log.py:95]: YASB v1.9.0
2026-03-04 22:07:13,724 [INFO] [CLIPipeServer] [cli_server/cli_server.py:215]: CLI server started v1.1.6
2026-03-04 22:07:13,724 [INFO] [MainThread] [cli_server/cli_server.py:106]: Log pipe server started
2026-03-04 22:07:13,759 [DEBUG] [MainThread] [qasync._windows._EventPoller/_windows.py:215]: Starting (proactor: <_IocpProactor overlapped#=0 result#=0>)...
2026-03-04 22:07:13,761 [DEBUG] [Dummy-3] [qasync._windows._EventWorker/_windows.py:195]: Thread started
2026-03-04 22:07:14,523 [INFO] [MainThread] [root/service.py:102]: UpdateCheckService initialized...
2026-03-04 22:07:14,573 [INFO] [MainThread] [root/bar_manager.py:88]: Starting WindowsNotificationEventListener...
2026-03-04 22:07:14,574 [INFO] [MainThread] [root/bar_manager.py:88]: Starting SystemEventListener...
2026-03-04 22:07:14,574 [INFO] [MainThread] [root/bar_manager.py:88]: Starting KomorebiEventListener...
2026-03-04 22:07:14,575 [INFO] [MainThread] [root/watcher.py:65]: Watching directory: c:\users\nalli\.config\yasb
2026-03-04 22:07:14,575 [INFO] [MainThread] [root/watcher.py:104]: Created file watcher
2026-03-04 22:07:14,668 [INFO] [Dummy-7] [root/event_listener.py:51]: Created named pipe yasb-668fd601-17e8-11f1-a352-f387e1505a35
2026-03-04 22:07:14,761 [INFO] [MainThread] [root/update_service.py:429]: Background update checker started
2026-03-04 22:07:14,807 [INFO] [Dummy-7] [root/event_listener.py:125]: Komorebi connected to named pipe: yasb-668fd601-17e8-11f1-a352-f387e1505a35
2026-03-04 22:07:15,282 [DEBUG] [Thread-5] [root/watcher.py:90]: Config file modified: c:\users\nalli\.config\yasb\config.yaml
2026-03-04 22:07:15,297 [INFO] [MainThread] [root/controller.py:15]: Reloading Application because of config change.
2026-03-04 22:07:15,412 [INFO] [MainThread] [cli_server/cli_server.py:114]: Log pipe server stopped
2026-03-04 22:07:15,413 [DEBUG] [MainThread] [cli_server/cli_server.py:209]: CLI server stopped
2026-03-04 22:07:15,418 [INFO] [MainThread] [root/bar_manager.py:79]: Successfully loaded updated config and re-initialised all bars.
2026-03-04 22:07:15,534 [INFO] [MainThread] [root/bar_manager.py:104]: Stopping WindowsNotificationEventListener...
2026-03-04 22:07:15,534 [INFO] [MainThread] [root/bar_manager.py:104]: Stopping SystemEventListener...
2026-03-04 22:07:15,535 [INFO] [MainThread] [root/bar_manager.py:104]: Stopping KomorebiEventListener...
2026-03-04 22:07:15,585 [INFO] [Dummy-7] [root/event_listener.py:92]: Attempting to reconnect to Komorebi...
2026-03-04 22:07:15,907 [INFO] [MainThread] [root/log.py:95]: YASB v1.9.0
2026-03-04 22:07:15,907 [INFO] [CLIPipeServer] [cli_server/cli_server.py:215]: CLI server started v1.1.6
2026-03-04 22:07:15,908 [INFO] [MainThread] [cli_server/cli_server.py:106]: Log pipe server started
2026-03-04 22:07:15,935 [DEBUG] [MainThread] [qasync._windows._EventPoller/_windows.py:215]: Starting (proactor: <_IocpProactor overlapped#=0 result#=0>)...
2026-03-04 22:07:15,935 [DEBUG] [Dummy-3] [qasync._windows._EventWorker/_windows.py:195]: Thread started
2026-03-04 22:07:16,708 [INFO] [MainThread] [root/service.py:102]: UpdateCheckService initialized...
2026-03-04 22:07:16,756 [INFO] [MainThread] [root/bar_manager.py:88]: Starting WindowsNotificationEventListener...
2026-03-04 22:07:16,757 [INFO] [MainThread] [root/bar_manager.py:88]: Starting KomorebiEventListener...
2026-03-04 22:07:16,757 [INFO] [MainThread] [root/bar_manager.py:88]: Starting SystemEventListener...
2026-03-04 22:07:16,759 [INFO] [MainThread] [root/watcher.py:65]: Watching directory: c:\users\nalli\.config\yasb
2026-03-04 22:07:16,759 [INFO] [MainThread] [root/watcher.py:104]: Created file watcher
2026-03-04 22:07:16,849 [INFO] [Dummy-7] [root/event_listener.py:51]: Created named pipe yasb-67dcdc0f-17e8-11f1-8f34-f387e1505a35
2026-03-04 22:07:16,916 [INFO] [MainThread] [root/update_service.py:429]: Background update checker started
2026-03-04 22:07:17,003 [INFO] [Dummy-7] [root/event_listener.py:125]: Komorebi connected to named pipe: yasb-67dcdc0f-17e8-11f1-8f34-f387e1505a35
2026-03-04 22:07:17,475 [INFO] [MainThread] [root/api.py:69]: Fetching new weather data at 2026-03-04 22:07:17.475669
2026-03-04 22:07:18,058 [DEBUG] [Thread-5] [root/watcher.py:90]: Config file modified: c:\users\nalli\.config\yasb\config.yaml
2026-03-04 22:07:18,080 [INFO] [MainThread] [root/controller.py:15]: Reloading Application because of config change.
2026-03-04 22:07:18,192 [INFO] [MainThread] [cli_server/cli_server.py:114]: Log pipe server stopped
2026-03-04 22:07:18,192 [DEBUG] [MainThread] [cli_server/cli_server.py:209]: CLI server stopped
2026-03-04 22:07:18,196 [INFO] [MainThread] [root/bar_manager.py:79]: Successfully loaded updated config and re-initialised all bars.
2026-03-04 22:07:18,295 [INFO] [MainThread] [root/bar_manager.py:104]: Stopping WindowsNotificationEventListener...
2026-03-04 22:07:18,296 [INFO] [MainThread] [root/bar_manager.py:104]: Stopping KomorebiEventListener...
2026-03-04 22:07:18,296 [INFO] [MainThread] [root/bar_manager.py:104]: Stopping SystemEventListener...
2026-03-04 22:07:18,346 [INFO] [Dummy-7] [root/event_listener.py:92]: Attempting to reconnect to Komorebi...
2026-03-04 22:07:18,691 [INFO] [MainThread] [root/log.py:95]: YASB v1.9.0
2026-03-04 22:07:18,691 [INFO] [CLIPipeServer] [cli_server/cli_server.py:215]: CLI server started v1.1.6
2026-03-04 22:07:18,691 [INFO] [MainThread] [cli_server/cli_server.py:106]: Log pipe server started
2026-03-04 22:07:18,719 [DEBUG] [MainThread] [qasync._windows._EventPoller/_windows.py:215]: Starting (proactor: <_IocpProactor overlapped#=0 result#=0>)...
2026-03-04 22:07:18,720 [DEBUG] [Dummy-3] [qasync._windows._EventWorker/_windows.py:195]: Thread started
2026-03-04 22:07:19,448 [INFO] [MainThread] [root/service.py:102]: UpdateCheckService initialized...
2026-03-04 22:07:19,499 [INFO] [MainThread] [root/bar_manager.py:88]: Starting WindowsNotificationEventListener...
2026-03-04 22:07:19,500 [INFO] [MainThread] [root/bar_manager.py:88]: Starting SystemEventListener...
2026-03-04 22:07:19,500 [INFO] [MainThread] [root/bar_manager.py:88]: Starting KomorebiEventListener...
2026-03-04 22:07:19,501 [INFO] [MainThread] [root/watcher.py:65]: Watching directory: c:\users\nalli\.config\yasb
2026-03-04 22:07:19,501 [INFO] [MainThread] [root/watcher.py:104]: Created file watcher
2026-03-04 22:07:19,596 [INFO] [Dummy-7] [root/event_listener.py:51]: Created named pipe yasb-697f6f52-17e8-11f1-a16f-f387e1505a35
2026-03-04 22:07:19,623 [INFO] [MainThread] [root/update_service.py:429]: Background update checker started
2026-03-04 22:07:19,760 [INFO] [Dummy-7] [root/event_listener.py:125]: Komorebi connected to named pipe: yasb-697f6f52-17e8-11f1-a16f-f387e1505a35
2026-03-04 22:07:20,160 [INFO] [MainThread] [root/api.py:69]: Fetching new weather data at 2026-03-04 22:07:20.160111
2026-03-04 22:07:32,426 [DEBUG] [Thread-5] [root/watcher.py:90]: Config file modified: c:\users\nalli\.config\yasb\config.yaml
2026-03-04 22:07:32,448 [INFO] [MainThread] [root/controller.py:15]: Reloading Application because of config change.
2026-03-04 22:07:32,558 [INFO] [MainThread] [cli_server/cli_server.py:114]: Log pipe server stopped
2026-03-04 22:07:32,558 [DEBUG] [MainThread] [cli_server/cli_server.py:209]: CLI server stopped
2026-03-04 22:07:32,563 [INFO] [MainThread] [root/bar_manager.py:79]: Successfully loaded updated config and re-initialised all bars.
2026-03-04 22:07:32,658 [INFO] [MainThread] [root/bar_manager.py:104]: Stopping WindowsNotificationEventListener...
2026-03-04 22:07:32,659 [INFO] [MainThread] [root/bar_manager.py:104]: Stopping SystemEventListener...
2026-03-04 22:07:32,660 [INFO] [MainThread] [root/bar_manager.py:104]: Stopping KomorebiEventListener...
2026-03-04 22:07:32,710 [INFO] [Dummy-7] [root/event_listener.py:92]: Attempting to reconnect to Komorebi...
2026-03-04 22:07:33,057 [INFO] [MainThread] [root/log.py:95]: YASB v1.9.0
2026-03-04 22:07:33,058 [INFO] [CLIPipeServer] [cli_server/cli_server.py:215]: CLI server started v1.1.6
2026-03-04 22:07:33,059 [INFO] [MainThread] [cli_server/cli_server.py:106]: Log pipe server started
2026-03-04 22:07:33,088 [DEBUG] [MainThread] [qasync._windows._EventPoller/_windows.py:215]: Starting (proactor: <_IocpProactor overlapped#=0 result#=0>)...
2026-03-04 22:07:33,090 [DEBUG] [Dummy-3] [qasync._windows._EventWorker/_windows.py:195]: Thread started
2026-03-04 22:07:33,821 [INFO] [MainThread] [root/service.py:102]: UpdateCheckService initialized...
2026-03-04 22:07:33,869 [INFO] [MainThread] [root/bar_manager.py:88]: Starting WindowsNotificationEventListener...
2026-03-04 22:07:33,870 [INFO] [MainThread] [root/bar_manager.py:88]: Starting KomorebiEventListener...
2026-03-04 22:07:33,870 [INFO] [MainThread] [root/bar_manager.py:88]: Starting SystemEventListener...
2026-03-04 22:07:33,871 [ERROR] [MainThread] [root/widget_builder.py:111]: Failed to validate widget(s) due to invalid options  - wallpapers
      gallery:
        orientation:
        - Input should be 'landscape' or 'portrait'
      
2026-03-04 22:07:33,899 [INFO] [Dummy-5] [root/event_listener.py:51]: Created named pipe yasb-72102706-17e8-11f1-b3ab-f387e1505a35
2026-03-04 22:07:33,922 [INFO] [MainThread] [root/watcher.py:65]: Watching directory: c:\users\nalli\.config\yasb
2026-03-04 22:07:33,923 [INFO] [MainThread] [root/watcher.py:104]: Created file watcher
2026-03-04 22:07:34,033 [INFO] [MainThread] [root/update_service.py:429]: Background update checker started
2026-03-04 22:07:34,062 [INFO] [Dummy-5] [root/event_listener.py:125]: Komorebi connected to named pipe: yasb-72102706-17e8-11f1-b3ab-f387e1505a35
2026-03-04 22:07:34,170 [DEBUG] [Thread-8] [root/watcher.py:90]: Config file modified: c:\users\nalli\.config\yasb\config.yaml
2026-03-04 22:07:34,438 [INFO] [MainThread] [root/controller.py:15]: Reloading Application because of config change.
2026-03-04 22:07:34,539 [INFO] [MainThread] [cli_server/cli_server.py:114]: Log pipe server stopped
2026-03-04 22:07:34,539 [DEBUG] [MainThread] [cli_server/cli_server.py:209]: CLI server stopped
2026-03-04 22:07:34,544 [INFO] [MainThread] [root/bar_manager.py:79]: Successfully loaded updated config and re-initialised all bars.
2026-03-04 22:07:34,757 [INFO] [MainThread] [root/api.py:69]: Fetching new weather data at 2026-03-04 22:07:34.757572
2026-03-04 22:07:34,977 [INFO] [MainThread] [root/log.py:95]: YASB v1.9.0
2026-03-04 22:07:34,978 [INFO] [CLIPipeServer] [cli_server/cli_server.py:215]: CLI server started v1.1.6
2026-03-04 22:07:34,978 [INFO] [MainThread] [cli_server/cli_server.py:106]: Log pipe server started
2026-03-04 22:07:34,978 [INFO] [MainThread] [root/main.py:46]: Waiting for previous YASB instance to exit...
2026-03-04 22:07:35,013 [INFO] [MainThread] [root/bar_manager.py:104]: Stopping WindowsNotificationEventListener...
2026-03-04 22:07:35,013 [INFO] [MainThread] [root/bar_manager.py:104]: Stopping KomorebiEventListener...
2026-03-04 22:07:35,013 [INFO] [MainThread] [root/bar_manager.py:104]: Stopping SystemEventListener...
2026-03-04 22:07:35,059 [INFO] [Dummy-5] [root/event_listener.py:92]: Attempting to reconnect to Komorebi...
2026-03-04 22:07:35,117 [ERROR] [MainThread] [qasync._QEventLoop/__init__.py:770]: Task was destroyed but it is pending!
task: <Task pending name='Task-2' coro=<WindowsMedia.run() running at D:\a\yasb\yasb\src\core\utils\widgets\media\media.py:81> wait_for=<Future pending cb=[Task.task_wakeup()]>>
2026-03-04 22:07:35,479 [INFO] [MainThread] [root/main.py:72]: Previous instance exited, continuing startup.
2026-03-04 22:07:35,499 [DEBUG] [MainThread] [qasync._windows._EventPoller/_windows.py:215]: Starting (proactor: <_IocpProactor overlapped#=0 result#=0>)...
2026-03-04 22:07:35,500 [DEBUG] [Dummy-3] [qasync._windows._EventWorker/_windows.py:195]: Thread started
2026-03-04 22:07:36,239 [INFO] [MainThread] [root/service.py:102]: UpdateCheckService initialized...
2026-03-04 22:07:36,288 [INFO] [MainThread] [root/bar_manager.py:88]: Starting WindowsNotificationEventListener...
2026-03-04 22:07:36,289 [INFO] [MainThread] [root/bar_manager.py:88]: Starting SystemEventListener...
2026-03-04 22:07:36,289 [INFO] [MainThread] [root/bar_manager.py:88]: Starting KomorebiEventListener...
2026-03-04 22:07:36,289 [ERROR] [MainThread] [root/widget_builder.py:111]: Failed to validate widget(s) due to invalid options  - wallpapers
      gallery:
        orientation:
        - Input should be 'landscape' or 'portrait'
      
2026-03-04 22:07:36,319 [INFO] [Dummy-5] [root/event_listener.py:51]: Created named pipe yasb-73813ba2-17e8-11f1-abf0-f387e1505a35
2026-03-04 22:07:36,341 [INFO] [MainThread] [root/watcher.py:65]: Watching directory: c:\users\nalli\.config\yasb
2026-03-04 22:07:36,341 [INFO] [MainThread] [root/watcher.py:104]: Created file watcher
2026-03-04 22:07:36,440 [INFO] [MainThread] [root/update_service.py:429]: Background update checker started
2026-03-04 22:07:36,473 [INFO] [Dummy-5] [root/event_listener.py:125]: Komorebi connected to named pipe: yasb-73813ba2-17e8-11f1-abf0-f387e1505a35
2026-03-04 22:07:36,917 [INFO] [MainThread] [root/api.py:69]: Fetching new weather data at 2026-03-04 22:07:36.917475
2026-03-04 22:07:36,936 [DEBUG] [Thread-8] [root/watcher.py:90]: Config file modified: c:\users\nalli\.config\yasb\config.yaml
2026-03-04 22:07:36,965 [DEBUG] [Thread-8] [root/watcher.py:90]: Config file modified: c:\users\nalli\.config\yasb\config.yaml
2026-03-04 22:07:36,972 [INFO] [MainThread] [root/controller.py:15]: Reloading Application because of config change.
2026-03-04 22:07:37,073 [INFO] [MainThread] [cli_server/cli_server.py:114]: Log pipe server stopped
2026-03-04 22:07:37,073 [DEBUG] [MainThread] [cli_server/cli_server.py:209]: CLI server stopped
2026-03-04 22:07:37,078 [INFO] [MainThread] [root/bar_manager.py:79]: Successfully loaded updated config and re-initialised all bars.
2026-03-04 22:07:37,347 [INFO] [MainThread] [root/bar_manager.py:104]: Stopping WindowsNotificationEventListener...
2026-03-04 22:07:37,348 [INFO] [MainThread] [root/bar_manager.py:104]: Stopping SystemEventListener...
2026-03-04 22:07:37,348 [INFO] [MainThread] [root/bar_manager.py:104]: Stopping KomorebiEventListener...
2026-03-04 22:07:37,392 [INFO] [Dummy-5] [root/event_listener.py:92]: Attempting to reconnect to Komorebi...
2026-03-04 22:07:37,546 [INFO] [MainThread] [root/log.py:95]: YASB v1.9.0
2026-03-04 22:07:37,546 [INFO] [CLIPipeServer] [cli_server/cli_server.py:215]: CLI server started v1.1.6
2026-03-04 22:07:37,547 [INFO] [MainThread] [cli_server/cli_server.py:106]: Log pipe server started
2026-03-04 22:07:37,547 [INFO] [MainThread] [root/main.py:46]: Waiting for previous YASB instance to exit...
2026-03-04 22:07:37,798 [INFO] [MainThread] [root/main.py:72]: Previous instance exited, continuing startup.
2026-03-04 22:07:37,823 [DEBUG] [MainThread] [qasync._windows._EventPoller/_windows.py:215]: Starting (proactor: <_IocpProactor overlapped#=0 result#=0>)...
2026-03-04 22:07:37,824 [DEBUG] [Dummy-3] [qasync._windows._EventWorker/_windows.py:195]: Thread started
2026-03-04 22:07:38,460 [INFO] [MainThread] [root/service.py:102]: UpdateCheckService initialized...
2026-03-04 22:07:38,511 [INFO] [MainThread] [root/bar_manager.py:88]: Starting KomorebiEventListener...
2026-03-04 22:07:38,512 [INFO] [MainThread] [root/bar_manager.py:88]: Starting WindowsNotificationEventListener...
2026-03-04 22:07:38,512 [INFO] [MainThread] [root/bar_manager.py:88]: Starting SystemEventListener...
2026-03-04 22:07:38,513 [ERROR] [MainThread] [root/widget_builder.py:111]: Failed to validate widget(s) due to invalid options  - wallpapers
      gallery:
        orientation:
        - Input should be 'landscape' or 'portrait'
      
2026-03-04 22:07:38,543 [INFO] [Dummy-5] [root/event_listener.py:51]: Created named pipe yasb-74d44f7a-17e8-11f1-b946-f387e1505a35
2026-03-04 22:07:38,559 [INFO] [MainThread] [root/watcher.py:65]: Watching directory: c:\users\nalli\.config\yasb
2026-03-04 22:07:38,559 [INFO] [MainThread] [root/watcher.py:104]: Created file watcher
2026-03-04 22:07:38,658 [INFO] [MainThread] [root/update_service.py:429]: Background update checker started
2026-03-04 22:07:38,698 [INFO] [Dummy-5] [root/event_listener.py:125]: Komorebi connected to named pipe: yasb-74d44f7a-17e8-11f1-b946-f387e1505a35
2026-03-04 22:07:39,277 [INFO] [MainThread] [root/api.py:69]: Fetching new weather data at 2026-03-04 22:07:39.277298
2026-03-04 22:07:49,394 [DEBUG] [Thread-6] [root/watcher.py:90]: Config file modified: c:\users\nalli\.config\yasb\config.yaml
2026-03-04 22:07:49,417 [INFO] [MainThread] [root/controller.py:15]: Reloading Application because of config change.
2026-03-04 22:07:49,525 [INFO] [MainThread] [cli_server/cli_server.py:114]: Log pipe server stopped
2026-03-04 22:07:49,525 [DEBUG] [MainThread] [cli_server/cli_server.py:209]: CLI server stopped
2026-03-04 22:07:49,529 [INFO] [MainThread] [root/bar_manager.py:79]: Successfully loaded updated config and re-initialised all bars.
2026-03-04 22:07:49,708 [INFO] [MainThread] [root/bar_manager.py:104]: Stopping KomorebiEventListener...
2026-03-04 22:07:49,709 [INFO] [MainThread] [root/bar_manager.py:104]: Stopping WindowsNotificationEventListener...
2026-03-04 22:07:49,709 [INFO] [Dummy-5] [root/event_listener.py:92]: Attempting to reconnect to Komorebi...
2026-03-04 22:07:49,709 [INFO] [MainThread] [root/bar_manager.py:104]: Stopping SystemEventListener...
2026-03-04 22:07:50,016 [INFO] [MainThread] [root/log.py:95]: YASB v1.9.0
2026-03-04 22:07:50,017 [INFO] [CLIPipeServer] [cli_server/cli_server.py:215]: CLI server started v1.1.6
2026-03-04 22:07:50,017 [INFO] [MainThread] [cli_server/cli_server.py:106]: Log pipe server started
2026-03-04 22:07:50,067 [DEBUG] [MainThread] [qasync._windows._EventPoller/_windows.py:215]: Starting (proactor: <_IocpProactor overlapped#=0 result#=0>)...
2026-03-04 22:07:50,068 [DEBUG] [Dummy-3] [qasync._windows._EventWorker/_windows.py:195]: Thread started
2026-03-04 22:07:50,702 [INFO] [MainThread] [root/service.py:102]: UpdateCheckService initialized...
2026-03-04 22:07:50,758 [INFO] [MainThread] [root/bar_manager.py:88]: Starting SystemEventListener...
2026-03-04 22:07:50,758 [INFO] [MainThread] [root/bar_manager.py:88]: Starting KomorebiEventListener...
2026-03-04 22:07:50,759 [INFO] [MainThread] [root/bar_manager.py:88]: Starting WindowsNotificationEventListener...
2026-03-04 22:07:50,760 [ERROR] [MainThread] [root/widget_builder.py:111]: Failed to validate widget(s) due to invalid options  - wallpapers
      gallery:
        orientation:
        - Input should be 'landscape' or 'portrait'
      
2026-03-04 22:07:50,794 [INFO] [Dummy-5] [root/event_listener.py:51]: Created named pipe yasb-7c211435-17e8-11f1-83ea-f387e1505a35
2026-03-04 22:07:50,815 [INFO] [MainThread] [root/watcher.py:65]: Watching directory: c:\users\nalli\.config\yasb
2026-03-04 22:07:50,815 [INFO] [MainThread] [root/watcher.py:104]: Created file watcher
2026-03-04 22:07:50,970 [INFO] [MainThread] [root/update_service.py:429]: Background update checker started
2026-03-04 22:07:50,970 [INFO] [Dummy-5] [root/event_listener.py:125]: Komorebi connected to named pipe: yasb-7c211435-17e8-11f1-83ea-f387e1505a35
2026-03-04 22:07:51,422 [DEBUG] [Thread-8] [root/watcher.py:90]: Config file modified: c:\users\nalli\.config\yasb\config.yaml
2026-03-04 22:07:51,497 [INFO] [MainThread] [root/controller.py:15]: Reloading Application because of config change.
2026-03-04 22:07:51,597 [INFO] [MainThread] [cli_server/cli_server.py:114]: Log pipe server stopped
2026-03-04 22:07:51,598 [DEBUG] [MainThread] [cli_server/cli_server.py:209]: CLI server stopped
2026-03-04 22:07:51,601 [INFO] [MainThread] [root/bar_manager.py:79]: Successfully loaded updated config and re-initialised all bars.
2026-03-04 22:07:51,649 [INFO] [MainThread] [root/api.py:69]: Fetching new weather data at 2026-03-04 22:07:51.649272
2026-03-04 22:07:51,891 [INFO] [MainThread] [root/bar_manager.py:104]: Stopping SystemEventListener...
2026-03-04 22:07:51,892 [INFO] [MainThread] [root/bar_manager.py:104]: Stopping KomorebiEventListener...
2026-03-04 22:07:51,892 [INFO] [MainThread] [root/bar_manager.py:104]: Stopping WindowsNotificationEventListener...
2026-03-04 22:07:51,895 [INFO] [Dummy-5] [root/event_listener.py:92]: Attempting to reconnect to Komorebi...
2026-03-04 22:07:52,060 [INFO] [MainThread] [root/log.py:95]: YASB v1.9.0
2026-03-04 22:07:52,060 [INFO] [CLIPipeServer] [cli_server/cli_server.py:215]: CLI server started v1.1.6
2026-03-04 22:07:52,061 [INFO] [MainThread] [cli_server/cli_server.py:106]: Log pipe server started
2026-03-04 22:07:52,061 [INFO] [MainThread] [root/main.py:46]: Waiting for previous YASB instance to exit...
2026-03-04 22:07:52,312 [INFO] [MainThread] [root/main.py:72]: Previous instance exited, continuing startup.
2026-03-04 22:07:52,333 [DEBUG] [MainThread] [qasync._windows._EventPoller/_windows.py:215]: Starting (proactor: <_IocpProactor overlapped#=0 result#=0>)...
2026-03-04 22:07:52,334 [DEBUG] [Dummy-3] [qasync._windows._EventWorker/_windows.py:195]: Thread started
2026-03-04 22:07:53,073 [INFO] [MainThread] [root/service.py:102]: UpdateCheckService initialized...
2026-03-04 22:07:53,119 [INFO] [MainThread] [root/bar_manager.py:88]: Starting KomorebiEventListener...
2026-03-04 22:07:53,119 [INFO] [MainThread] [root/bar_manager.py:88]: Starting WindowsNotificationEventListener...
2026-03-04 22:07:53,120 [INFO] [MainThread] [root/bar_manager.py:88]: Starting SystemEventListener...
2026-03-04 22:07:53,121 [INFO] [MainThread] [root/watcher.py:65]: Watching directory: c:\users\nalli\.config\yasb
2026-03-04 22:07:53,121 [INFO] [MainThread] [root/watcher.py:104]: Created file watcher
2026-03-04 22:07:53,210 [INFO] [Dummy-7] [root/event_listener.py:51]: Created named pipe yasb-7d894c52-17e8-11f1-86a9-f387e1505a35
2026-03-04 22:07:53,249 [INFO] [MainThread] [root/update_service.py:429]: Background update checker started
2026-03-04 22:07:53,405 [INFO] [Dummy-7] [root/event_listener.py:125]: Komorebi connected to named pipe: yasb-7d894c52-17e8-11f1-86a9-f387e1505a35
2026-03-04 22:07:53,690 [INFO] [MainThread] [root/api.py:69]: Fetching new weather data at 2026-03-04 22:07:53.690508
2026-03-04 22:08:04,962 [DEBUG] [Thread-5] [root/watcher.py:90]: Config file modified: c:\users\nalli\.config\yasb\config.yaml
2026-03-04 22:08:04,984 [INFO] [MainThread] [root/controller.py:15]: Reloading Application because of config change.
2026-03-04 22:08:05,091 [INFO] [MainThread] [cli_server/cli_server.py:114]: Log pipe server stopped
2026-03-04 22:08:05,091 [DEBUG] [MainThread] [cli_server/cli_server.py:209]: CLI server stopped
2026-03-04 22:08:05,095 [INFO] [MainThread] [root/bar_manager.py:79]: Successfully loaded updated config and re-initialised all bars.
2026-03-04 22:08:05,192 [INFO] [MainThread] [root/bar_manager.py:104]: Stopping KomorebiEventListener...
2026-03-04 22:08:05,192 [INFO] [MainThread] [root/bar_manager.py:104]: Stopping WindowsNotificationEventListener...
2026-03-04 22:08:05,193 [INFO] [MainThread] [root/bar_manager.py:104]: Stopping SystemEventListener...
2026-03-04 22:08:05,228 [INFO] [Dummy-7] [root/event_listener.py:92]: Attempting to reconnect to Komorebi...
2026-03-04 22:08:05,600 [INFO] [MainThread] [root/log.py:95]: YASB v1.9.0
2026-03-04 22:08:05,601 [INFO] [CLIPipeServer] [cli_server/cli_server.py:215]: CLI server started v1.1.6
2026-03-04 22:08:05,601 [INFO] [MainThread] [cli_server/cli_server.py:106]: Log pipe server started
2026-03-04 22:08:05,630 [DEBUG] [MainThread] [qasync._windows._EventPoller/_windows.py:215]: Starting (proactor: <_IocpProactor overlapped#=0 result#=0>)...
2026-03-04 22:08:05,631 [DEBUG] [Dummy-3] [qasync._windows._EventWorker/_windows.py:195]: Thread started
2026-03-04 22:08:06,394 [INFO] [MainThread] [root/service.py:102]: UpdateCheckService initialized...
2026-03-04 22:08:06,442 [INFO] [MainThread] [root/bar_manager.py:88]: Starting WindowsNotificationEventListener...
2026-03-04 22:08:06,443 [INFO] [MainThread] [root/bar_manager.py:88]: Starting KomorebiEventListener...
2026-03-04 22:08:06,443 [INFO] [MainThread] [root/bar_manager.py:88]: Starting SystemEventListener...
2026-03-04 22:08:06,443 [ERROR] [MainThread] [root/widget_builder.py:111]: Failed to validate widget(s) due to invalid options  - wallpapers
      gallery:
        orientation:
        - Input should be 'landscape' or 'portrait'
      
2026-03-04 22:08:06,477 [INFO] [Dummy-5] [root/event_listener.py:51]: Created named pipe yasb-857a5f54-17e8-11f1-b887-f387e1505a35
2026-03-04 22:08:06,495 [INFO] [MainThread] [root/watcher.py:65]: Watching directory: c:\users\nalli\.config\yasb
2026-03-04 22:08:06,496 [INFO] [MainThread] [root/watcher.py:104]: Created file watcher
2026-03-04 22:08:06,651 [INFO] [MainThread] [root/update_service.py:429]: Background update checker started
2026-03-04 22:08:06,666 [INFO] [Dummy-5] [root/event_listener.py:125]: Komorebi connected to named pipe: yasb-857a5f54-17e8-11f1-b887-f387e1505a35
2026-03-04 22:08:06,871 [DEBUG] [Thread-6] [root/watcher.py:90]: Config file modified: c:\users\nalli\.config\yasb\config.yaml
2026-03-04 22:08:07,168 [INFO] [MainThread] [root/controller.py:15]: Reloading Application because of config change.
2026-03-04 22:08:07,269 [INFO] [MainThread] [cli_server/cli_server.py:114]: Log pipe server stopped
2026-03-04 22:08:07,269 [DEBUG] [MainThread] [cli_server/cli_server.py:209]: CLI server stopped
2026-03-04 22:08:07,273 [INFO] [MainThread] [root/bar_manager.py:79]: Successfully loaded updated config and re-initialised all bars.
2026-03-04 22:08:07,317 [INFO] [MainThread] [root/api.py:69]: Fetching new weather data at 2026-03-04 22:08:07.317648
2026-03-04 22:08:07,597 [INFO] [MainThread] [root/bar_manager.py:104]: Stopping WindowsNotificationEventListener...
2026-03-04 22:08:07,598 [INFO] [MainThread] [root/bar_manager.py:104]: Stopping KomorebiEventListener...
2026-03-04 22:08:07,598 [INFO] [MainThread] [root/bar_manager.py:104]: Stopping SystemEventListener...
2026-03-04 22:08:07,600 [INFO] [Dummy-5] [root/event_listener.py:92]: Attempting to reconnect to Komorebi...
2026-03-04 22:08:07,727 [ERROR] [MainThread] [qasync._QEventLoop/__init__.py:770]: Task was destroyed but it is pending!
task: <Task pending name='Task-2' coro=<WindowsMedia.run() running at D:\a\yasb\yasb\src\core\utils\widgets\media\media.py:81> wait_for=<Future pending cb=[Task.task_wakeup()]>>
2026-03-04 22:08:07,736 [INFO] [MainThread] [root/log.py:95]: YASB v1.9.0
2026-03-04 22:08:07,736 [INFO] [CLIPipeServer] [cli_server/cli_server.py:215]: CLI server started v1.1.6
2026-03-04 22:08:07,737 [INFO] [MainThread] [cli_server/cli_server.py:106]: Log pipe server started
2026-03-04 22:08:07,737 [INFO] [MainThread] [root/main.py:46]: Waiting for previous YASB instance to exit...
2026-03-04 22:08:07,987 [INFO] [MainThread] [root/main.py:72]: Previous instance exited, continuing startup.
2026-03-04 22:08:08,031 [DEBUG] [MainThread] [qasync._windows._EventPoller/_windows.py:215]: Starting (proactor: <_IocpProactor overlapped#=0 result#=0>)...
2026-03-04 22:08:08,033 [DEBUG] [Dummy-3] [qasync._windows._EventWorker/_windows.py:195]: Thread started
2026-03-04 22:08:08,763 [INFO] [MainThread] [root/service.py:102]: UpdateCheckService initialized...
2026-03-04 22:08:08,826 [INFO] [MainThread] [root/bar_manager.py:88]: Starting SystemEventListener...
2026-03-04 22:08:08,827 [INFO] [MainThread] [root/bar_manager.py:88]: Starting WindowsNotificationEventListener...
2026-03-04 22:08:08,828 [INFO] [MainThread] [root/bar_manager.py:88]: Starting KomorebiEventListener...
2026-03-04 22:08:08,829 [INFO] [MainThread] [root/watcher.py:65]: Watching directory: c:\users\nalli\.config\yasb
2026-03-04 22:08:08,829 [INFO] [MainThread] [root/watcher.py:104]: Created file watcher
2026-03-04 22:08:08,939 [INFO] [Dummy-7] [root/event_listener.py:51]: Created named pipe yasb-86e6503e-17e8-11f1-ab55-f387e1505a35
2026-03-04 22:08:08,966 [INFO] [MainThread] [root/update_service.py:429]: Background update checker started
2026-03-04 22:08:09,121 [INFO] [Dummy-7] [root/event_listener.py:125]: Komorebi connected to named pipe: yasb-86e6503e-17e8-11f1-ab55-f387e1505a35
2026-03-04 22:08:09,515 [INFO] [MainThread] [root/api.py:69]: Fetching new weather data at 2026-03-04 22:08:09.515593
2026-03-04 22:11:45,684 [DEBUG] [Thread-5] [root/watcher.py:84]: Stylesheet modified: c:\users\nalli\.config\yasb\styles.css
2026-03-04 22:12:16,634 [DEBUG] [Thread-5] [root/watcher.py:90]: Config file modified: c:\users\nalli\.config\yasb\config.yaml
2026-03-04 22:12:16,649 [INFO] [MainThread] [root/controller.py:15]: Reloading Application because of config change.
2026-03-04 22:12:16,755 [INFO] [MainThread] [cli_server/cli_server.py:114]: Log pipe server stopped
2026-03-04 22:12:16,755 [DEBUG] [MainThread] [cli_server/cli_server.py:209]: CLI server stopped
2026-03-04 22:12:16,764 [INFO] [MainThread] [root/bar_manager.py:79]: Successfully loaded updated config and re-initialised all bars.
2026-03-04 22:12:16,891 [INFO] [MainThread] [root/bar_manager.py:104]: Stopping SystemEventListener...
2026-03-04 22:12:16,891 [INFO] [MainThread] [root/bar_manager.py:104]: Stopping WindowsNotificationEventListener...
2026-03-04 22:12:16,892 [INFO] [MainThread] [root/bar_manager.py:104]: Stopping KomorebiEventListener...
2026-03-04 22:12:16,929 [INFO] [Dummy-7] [root/event_listener.py:92]: Attempting to reconnect to Komorebi...
2026-03-04 22:12:17,330 [INFO] [MainThread] [root/log.py:95]: YASB v1.9.0
2026-03-04 22:12:17,331 [INFO] [CLIPipeServer] [cli_server/cli_server.py:215]: CLI server started v1.1.6
2026-03-04 22:12:17,332 [INFO] [MainThread] [cli_server/cli_server.py:106]: Log pipe server started
2026-03-04 22:12:17,354 [DEBUG] [MainThread] [qasync._windows._EventPoller/_windows.py:215]: Starting (proactor: <_IocpProactor overlapped#=0 result#=0>)...
2026-03-04 22:12:17,355 [DEBUG] [Dummy-3] [qasync._windows._EventWorker/_windows.py:195]: Thread started
2026-03-04 22:12:18,122 [INFO] [MainThread] [root/service.py:102]: UpdateCheckService initialized...
2026-03-04 22:12:18,191 [INFO] [MainThread] [root/bar_manager.py:88]: Starting WindowsNotificationEventListener...
2026-03-04 22:12:18,193 [INFO] [MainThread] [root/bar_manager.py:88]: Starting SystemEventListener...
2026-03-04 22:12:18,193 [INFO] [MainThread] [root/bar_manager.py:88]: Starting KomorebiEventListener...
2026-03-04 22:12:18,193 [ERROR] [MainThread] [root/widget_builder.py:111]: Failed to validate widget(s) due to invalid options  - wallpapers
      gallery:
        image_width:
        - Input should be greater than or equal to 32
      
2026-03-04 22:12:18,236 [INFO] [Dummy-5] [root/event_listener.py:51]: Created named pipe yasb-1b885bb3-17e9-11f1-905b-f387e1505a35
2026-03-04 22:12:18,258 [INFO] [MainThread] [root/watcher.py:65]: Watching directory: c:\users\nalli\.config\yasb
2026-03-04 22:12:18,258 [INFO] [MainThread] [root/watcher.py:104]: Created file watcher
2026-03-04 22:12:18,389 [INFO] [MainThread] [root/update_service.py:429]: Background update checker started
2026-03-04 22:12:18,434 [INFO] [Dummy-5] [root/event_listener.py:125]: Komorebi connected to named pipe: yasb-1b885bb3-17e9-11f1-905b-f387e1505a35
2026-03-04 22:12:19,269 [INFO] [MainThread] [root/api.py:69]: Fetching new weather data at 2026-03-04 22:12:19.268988
2026-03-04 22:12:23,582 [DEBUG] [Thread-8] [root/watcher.py:90]: Config file modified: c:\users\nalli\.config\yasb\config.yaml
2026-03-04 22:12:23,600 [INFO] [MainThread] [root/controller.py:15]: Reloading Application because of config change.
2026-03-04 22:12:23,705 [INFO] [MainThread] [cli_server/cli_server.py:114]: Log pipe server stopped
2026-03-04 22:12:23,705 [DEBUG] [MainThread] [cli_server/cli_server.py:209]: CLI server stopped
2026-03-04 22:12:23,709 [INFO] [MainThread] [root/bar_manager.py:79]: Successfully loaded updated config and re-initialised all bars.
2026-03-04 22:12:23,891 [INFO] [MainThread] [root/bar_manager.py:104]: Stopping WindowsNotificationEventListener...
2026-03-04 22:12:23,892 [INFO] [MainThread] [root/bar_manager.py:104]: Stopping SystemEventListener...
2026-03-04 22:12:23,892 [INFO] [MainThread] [root/bar_manager.py:104]: Stopping KomorebiEventListener...
2026-03-04 22:12:23,942 [INFO] [Dummy-5] [root/event_listener.py:92]: Attempting to reconnect to Komorebi...
2026-03-04 22:12:24,270 [INFO] [MainThread] [root/log.py:95]: YASB v1.9.0
2026-03-04 22:12:24,270 [INFO] [CLIPipeServer] [cli_server/cli_server.py:215]: CLI server started v1.1.6
2026-03-04 22:12:24,270 [INFO] [MainThread] [cli_server/cli_server.py:106]: Log pipe server started
2026-03-04 22:12:24,293 [DEBUG] [MainThread] [qasync._windows._EventPoller/_windows.py:215]: Starting (proactor: <_IocpProactor overlapped#=0 result#=0>)...
2026-03-04 22:12:24,294 [DEBUG] [Dummy-3] [qasync._windows._EventWorker/_windows.py:195]: Thread started
2026-03-04 22:12:25,021 [INFO] [MainThread] [root/service.py:102]: UpdateCheckService initialized...
2026-03-04 22:12:25,086 [INFO] [MainThread] [root/bar_manager.py:88]: Starting KomorebiEventListener...
2026-03-04 22:12:25,086 [INFO] [MainThread] [root/bar_manager.py:88]: Starting SystemEventListener...
2026-03-04 22:12:25,086 [INFO] [MainThread] [root/bar_manager.py:88]: Starting WindowsNotificationEventListener...
2026-03-04 22:12:25,088 [INFO] [MainThread] [root/watcher.py:65]: Watching directory: c:\users\nalli\.config\yasb
2026-03-04 22:12:25,088 [INFO] [MainThread] [root/watcher.py:104]: Created file watcher
2026-03-04 22:12:25,196 [INFO] [Dummy-7] [root/event_listener.py:51]: Created named pipe yasb-1fa41a90-17e9-11f1-8234-f387e1505a35
2026-03-04 22:12:25,250 [INFO] [MainThread] [root/update_service.py:429]: Background update checker started
2026-03-04 22:12:25,403 [INFO] [Dummy-7] [root/event_listener.py:125]: Komorebi connected to named pipe: yasb-1fa41a90-17e9-11f1-8234-f387e1505a35
2026-03-04 22:12:25,805 [INFO] [MainThread] [root/api.py:69]: Fetching new weather data at 2026-03-04 22:12:25.805255
2026-03-04 22:18:04,871 [DEBUG] [Thread-5] [root/watcher.py:84]: Stylesheet modified: c:\users\nalli\.config\yasb\styles.css
2026-03-04 22:18:28,069 [DEBUG] [Thread-5] [root/watcher.py:84]: Stylesheet modified: c:\users\nalli\.config\yasb\styles.css
2026-03-04 22:20:05,154 [DEBUG] [Thread-5] [root/watcher.py:84]: Stylesheet modified: c:\users\nalli\.config\yasb\styles.css
2026-03-04 22:22:25,407 [INFO] [MainThread] [root/api.py:69]: Fetching new weather data at 2026-03-04 22:22:25.407401
2026-03-04 22:25:41,242 [DEBUG] [Thread-5] [root/watcher.py:90]: Config file modified: c:\users\nalli\.config\yasb\config.yaml
2026-03-04 22:25:41,257 [ERROR] [MainThread] [root/config.py:121]: The config file 'C:\Users\nalli\.config\yasb\config.yaml' contains validation errors. Please fix:
gallery:
- Extra inputs are not permitted

2026-03-04 22:25:52,199 [DEBUG] [Thread-5] [root/watcher.py:90]: Config file modified: c:\users\nalli\.config\yasb\config.yaml
2026-03-04 22:25:52,213 [INFO] [MainThread] [root/controller.py:15]: Reloading Application because of config change.
2026-03-04 22:25:52,318 [INFO] [MainThread] [cli_server/cli_server.py:114]: Log pipe server stopped
2026-03-04 22:25:52,318 [DEBUG] [MainThread] [cli_server/cli_server.py:209]: CLI server stopped
2026-03-04 22:25:52,323 [INFO] [MainThread] [root/bar_manager.py:79]: Successfully loaded updated config and re-initialised all bars.
2026-03-04 22:25:52,506 [INFO] [MainThread] [root/bar_manager.py:104]: Stopping KomorebiEventListener...
2026-03-04 22:25:52,507 [INFO] [MainThread] [root/bar_manager.py:104]: Stopping SystemEventListener...
2026-03-04 22:25:52,507 [INFO] [MainThread] [root/bar_manager.py:104]: Stopping WindowsNotificationEventListener...
2026-03-04 22:25:52,557 [INFO] [Dummy-7] [root/event_listener.py:92]: Attempting to reconnect to Komorebi...
2026-03-04 22:25:52,807 [INFO] [MainThread] [root/log.py:95]: YASB v1.9.0
2026-03-04 22:25:52,807 [INFO] [CLIPipeServer] [cli_server/cli_server.py:215]: CLI server started v1.1.6
2026-03-04 22:25:52,808 [INFO] [MainThread] [cli_server/cli_server.py:106]: Log pipe server started
2026-03-04 22:25:52,865 [DEBUG] [MainThread] [qasync._windows._EventPoller/_windows.py:215]: Starting (proactor: <_IocpProactor overlapped#=0 result#=0>)...
2026-03-04 22:25:52,866 [DEBUG] [Dummy-3] [qasync._windows._EventWorker/_windows.py:195]: Thread started
2026-03-04 22:25:53,644 [INFO] [MainThread] [root/service.py:102]: UpdateCheckService initialized...
2026-03-04 22:25:53,700 [INFO] [MainThread] [root/bar_manager.py:88]: Starting KomorebiEventListener...
2026-03-04 22:25:53,700 [INFO] [MainThread] [root/bar_manager.py:88]: Starting SystemEventListener...
2026-03-04 22:25:53,700 [INFO] [MainThread] [root/bar_manager.py:88]: Starting WindowsNotificationEventListener...
2026-03-04 22:25:53,702 [INFO] [MainThread] [root/watcher.py:65]: Watching directory: c:\users\nalli\.config\yasb
2026-03-04 22:25:53,703 [INFO] [MainThread] [root/watcher.py:104]: Created file watcher
2026-03-04 22:25:53,796 [INFO] [Dummy-7] [root/event_listener.py:51]: Created named pipe yasb-019cde30-17eb-11f1-aaf1-f387e1505a35
2026-03-04 22:25:53,855 [INFO] [MainThread] [root/update_service.py:429]: Background update checker started
2026-03-04 22:25:53,949 [INFO] [Dummy-7] [root/event_listener.py:125]: Komorebi connected to named pipe: yasb-019cde30-17eb-11f1-aaf1-f387e1505a35
2026-03-04 22:25:54,287 [INFO] [MainThread] [root/api.py:69]: Fetching new weather data at 2026-03-04 22:25:54.287382
2026-03-04 22:26:32,673 [DEBUG] [Thread-5] [root/watcher.py:84]: Stylesheet modified: c:\users\nalli\.config\yasb\styles.css
2026-03-04 22:26:42,171 [DEBUG] [Thread-5] [root/watcher.py:84]: Stylesheet modified: c:\users\nalli\.config\yasb\styles.css
2026-03-04 22:26:54,942 [DEBUG] [Thread-5] [root/watcher.py:84]: Stylesheet modified: c:\users\nalli\.config\yasb\styles.css
2026-03-04 22:26:56,135 [DEBUG] [Thread-5] [root/watcher.py:84]: Stylesheet modified: c:\users\nalli\.config\yasb\styles.css
2026-03-04 22:29:14,251 [DEBUG] [Thread-5] [root/watcher.py:84]: Stylesheet modified: c:\users\nalli\.config\yasb\styles.css
2026-03-04 22:29:38,424 [DEBUG] [Thread-5] [root/watcher.py:84]: Stylesheet modified: c:\users\nalli\.config\yasb\styles.css
2026-03-04 22:29:40,689 [DEBUG] [Thread-5] [root/watcher.py:84]: Stylesheet modified: c:\users\nalli\.config\yasb\styles.css
2026-03-04 22:29:49,203 [DEBUG] [Thread-5] [root/watcher.py:84]: Stylesheet modified: c:\users\nalli\.config\yasb\styles.css
2026-03-04 22:30:48,273 [DEBUG] [Thread-5] [root/watcher.py:84]: Stylesheet modified: c:\users\nalli\.config\yasb\styles.css
2026-03-04 22:31:10,566 [DEBUG] [Thread-5] [root/watcher.py:84]: Stylesheet modified: c:\users\nalli\.config\yasb\styles.css
2026-03-04 22:31:33,677 [DEBUG] [Thread-5] [root/watcher.py:84]: Stylesheet modified: c:\users\nalli\.config\yasb\styles.css
2026-03-04 22:31:45,361 [DEBUG] [Thread-5] [root/watcher.py:84]: Stylesheet modified: c:\users\nalli\.config\yasb\styles.css
2026-03-04 22:31:47,667 [DEBUG] [Thread-5] [root/watcher.py:84]: Stylesheet modified: c:\users\nalli\.config\yasb\styles.css
2026-03-04 22:31:50,343 [DEBUG] [Thread-5] [root/watcher.py:84]: Stylesheet modified: c:\users\nalli\.config\yasb\styles.css
2026-03-04 22:31:51,994 [DEBUG] [Thread-5] [root/watcher.py:84]: Stylesheet modified: c:\users\nalli\.config\yasb\styles.css
2026-03-04 22:31:52,017 [DEBUG] [Thread-5] [root/watcher.py:84]: Stylesheet modified: c:\users\nalli\.config\yasb\styles.css
2026-03-04 22:31:54,222 [DEBUG] [Thread-5] [root/watcher.py:84]: Stylesheet modified: c:\users\nalli\.config\yasb\styles.css
2026-03-04 22:32:09,157 [DEBUG] [Thread-5] [root/watcher.py:84]: Stylesheet modified: c:\users\nalli\.config\yasb\styles.css
2026-03-04 22:33:32,314 [DEBUG] [Thread-5] [root/watcher.py:90]: Config file modified: c:\users\nalli\.config\yasb\config.yaml
2026-03-04 22:33:32,330 [INFO] [MainThread] [root/controller.py:15]: Reloading Application because of config change.
2026-03-04 22:33:32,442 [INFO] [MainThread] [cli_server/cli_server.py:114]: Log pipe server stopped
2026-03-04 22:33:32,442 [DEBUG] [MainThread] [cli_server/cli_server.py:209]: CLI server stopped
2026-03-04 22:33:32,446 [INFO] [MainThread] [root/bar_manager.py:79]: Successfully loaded updated config and re-initialised all bars.
2026-03-04 22:33:32,544 [INFO] [MainThread] [root/bar_manager.py:104]: Stopping KomorebiEventListener...
2026-03-04 22:33:32,544 [INFO] [MainThread] [root/bar_manager.py:104]: Stopping SystemEventListener...
2026-03-04 22:33:32,545 [INFO] [MainThread] [root/bar_manager.py:104]: Stopping WindowsNotificationEventListener...
2026-03-04 22:33:32,557 [INFO] [Dummy-7] [root/event_listener.py:92]: Attempting to reconnect to Komorebi...
2026-03-04 22:33:32,931 [INFO] [MainThread] [root/log.py:95]: YASB v1.9.0
2026-03-04 22:33:32,932 [INFO] [CLIPipeServer] [cli_server/cli_server.py:215]: CLI server started v1.1.6
2026-03-04 22:33:32,933 [INFO] [MainThread] [cli_server/cli_server.py:106]: Log pipe server started
2026-03-04 22:33:32,964 [DEBUG] [MainThread] [qasync._windows._EventPoller/_windows.py:215]: Starting (proactor: <_IocpProactor overlapped#=0 result#=0>)...
2026-03-04 22:33:32,965 [DEBUG] [Dummy-3] [qasync._windows._EventWorker/_windows.py:195]: Thread started
2026-03-04 22:33:33,685 [INFO] [MainThread] [root/service.py:102]: UpdateCheckService initialized...
2026-03-04 22:33:33,739 [INFO] [MainThread] [root/bar_manager.py:88]: Starting KomorebiEventListener...
2026-03-04 22:33:33,739 [INFO] [MainThread] [root/bar_manager.py:88]: Starting SystemEventListener...
2026-03-04 22:33:33,739 [INFO] [MainThread] [root/bar_manager.py:88]: Starting WindowsNotificationEventListener...
2026-03-04 22:33:33,741 [INFO] [MainThread] [root/watcher.py:65]: Watching directory: c:\users\nalli\.config\yasb
2026-03-04 22:33:33,741 [INFO] [MainThread] [root/watcher.py:104]: Created file watcher
2026-03-04 22:33:33,835 [INFO] [Dummy-7] [root/event_listener.py:51]: Created named pipe yasb-13d13a6e-17ec-11f1-86b7-f387e1505a35
2026-03-04 22:33:33,921 [INFO] [MainThread] [root/update_service.py:429]: Background update checker started
2026-03-04 22:33:33,980 [INFO] [Dummy-7] [root/event_listener.py:125]: Komorebi connected to named pipe: yasb-13d13a6e-17ec-11f1-86b7-f387e1505a35
2026-03-04 22:33:34,579 [INFO] [MainThread] [root/api.py:69]: Fetching new weather data at 2026-03-04 22:33:34.579942
2026-03-04 22:37:04,035 [DEBUG] [Thread-5] [root/watcher.py:90]: Config file modified: c:\users\nalli\.config\yasb\config.yaml
2026-03-04 22:37:04,072 [INFO] [MainThread] [root/controller.py:15]: Reloading Application because of config change.
2026-03-04 22:37:04,175 [INFO] [MainThread] [cli_server/cli_server.py:114]: Log pipe server stopped
2026-03-04 22:37:04,175 [DEBUG] [MainThread] [cli_server/cli_server.py:209]: CLI server stopped
2026-03-04 22:37:04,181 [INFO] [MainThread] [root/bar_manager.py:79]: Successfully loaded updated config and re-initialised all bars.
2026-03-04 22:37:04,304 [INFO] [MainThread] [root/bar_manager.py:104]: Stopping KomorebiEventListener...
2026-03-04 22:37:04,305 [INFO] [MainThread] [root/bar_manager.py:104]: Stopping SystemEventListener...
2026-03-04 22:37:04,305 [INFO] [MainThread] [root/bar_manager.py:104]: Stopping WindowsNotificationEventListener...
2026-03-04 22:37:04,351 [INFO] [Dummy-7] [root/event_listener.py:92]: Attempting to reconnect to Komorebi...
2026-03-04 22:37:04,700 [INFO] [MainThread] [root/log.py:95]: YASB v1.9.0
2026-03-04 22:37:04,700 [INFO] [CLIPipeServer] [cli_server/cli_server.py:215]: CLI server started v1.1.6
2026-03-04 22:37:04,701 [INFO] [MainThread] [cli_server/cli_server.py:106]: Log pipe server started
2026-03-04 22:37:04,726 [DEBUG] [MainThread] [qasync._windows._EventPoller/_windows.py:215]: Starting (proactor: <_IocpProactor overlapped#=0 result#=0>)...
2026-03-04 22:37:04,727 [DEBUG] [Dummy-3] [qasync._windows._EventWorker/_windows.py:195]: Thread started
2026-03-04 22:37:05,492 [INFO] [MainThread] [root/service.py:102]: UpdateCheckService initialized...
2026-03-04 22:37:05,566 [INFO] [MainThread] [root/bar_manager.py:88]: Starting KomorebiEventListener...
2026-03-04 22:37:05,566 [INFO] [MainThread] [root/bar_manager.py:88]: Starting WindowsNotificationEventListener...
2026-03-04 22:37:05,568 [INFO] [MainThread] [root/bar_manager.py:88]: Starting SystemEventListener...
2026-03-04 22:37:05,570 [INFO] [MainThread] [root/watcher.py:65]: Watching directory: c:\users\nalli\.config\yasb
2026-03-04 22:37:05,570 [INFO] [MainThread] [root/watcher.py:104]: Created file watcher
2026-03-04 22:37:05,694 [INFO] [Dummy-7] [root/event_listener.py:51]: Created named pipe yasb-92138082-17ec-11f1-8a53-f387e1505a35
2026-03-04 22:37:05,756 [INFO] [MainThread] [root/update_service.py:429]: Background update checker started
2026-03-04 22:37:05,908 [INFO] [Dummy-7] [root/event_listener.py:125]: Komorebi connected to named pipe: yasb-92138082-17ec-11f1-8a53-f387e1505a35
2026-03-04 22:37:06,259 [INFO] [MainThread] [root/api.py:69]: Fetching new weather data at 2026-03-04 22:37:06.259433
2026-03-04 22:46:11,548 [DEBUG] [Thread-5] [root/watcher.py:84]: Stylesheet modified: c:\users\nalli\.config\yasb\styles.css
2026-03-04 22:46:22,503 [DEBUG] [Thread-5] [root/watcher.py:84]: Stylesheet modified: c:\users\nalli\.config\yasb\styles.css
2026-03-04 22:46:30,251 [DEBUG] [Thread-5] [root/watcher.py:84]: Stylesheet modified: c:\users\nalli\.config\yasb\styles.css
2026-03-04 22:46:46,037 [DEBUG] [Thread-5] [root/watcher.py:84]: Stylesheet modified: c:\users\nalli\.config\yasb\styles.css
2026-03-04 22:47:05,980 [INFO] [MainThread] [root/api.py:69]: Fetching new weather data at 2026-03-04 22:47:05.980146
2026-03-04 22:47:08,047 [DEBUG] [Thread-5] [root/watcher.py:84]: Stylesheet modified: c:\users\nalli\.config\yasb\styles.css
2026-03-04 22:47:09,269 [DEBUG] [Thread-5] [root/watcher.py:84]: Stylesheet modified: c:\users\nalli\.config\yasb\styles.css
2026-03-04 22:47:11,124 [DEBUG] [Thread-5] [root/watcher.py:84]: Stylesheet modified: c:\users\nalli\.config\yasb\styles.css
2026-03-04 22:47:15,101 [DEBUG] [Thread-5] [root/watcher.py:84]: Stylesheet modified: c:\users\nalli\.config\yasb\styles.css
2026-03-04 22:47:17,732 [DEBUG] [Thread-5] [root/watcher.py:84]: Stylesheet modified: c:\users\nalli\.config\yasb\styles.css
2026-03-04 22:47:27,562 [DEBUG] [Thread-5] [root/watcher.py:84]: Stylesheet modified: c:\users\nalli\.config\yasb\styles.css
2026-03-04 22:47:32,556 [DEBUG] [Thread-5] [root/watcher.py:84]: Stylesheet modified: c:\users\nalli\.config\yasb\styles.css
2026-03-04 22:47:36,980 [DEBUG] [Thread-5] [root/watcher.py:84]: Stylesheet modified: c:\users\nalli\.config\yasb\styles.css
2026-03-04 22:48:06,284 [DEBUG] [Thread-5] [root/watcher.py:84]: Stylesheet modified: c:\users\nalli\.config\yasb\styles.css
2026-03-04 22:48:10,250 [DEBUG] [Thread-5] [root/watcher.py:84]: Stylesheet modified: c:\users\nalli\.config\yasb\styles.css
2026-03-04 22:48:15,030 [DEBUG] [Thread-5] [root/watcher.py:84]: Stylesheet modified: c:\users\nalli\.config\yasb\styles.css
2026-03-04 22:55:21,847 [DEBUG] [Thread-5] [root/watcher.py:84]: Stylesheet modified: c:\users\nalli\.config\yasb\styles.css
2026-03-04 22:56:43,895 [DEBUG] [Thread-5] [root/watcher.py:90]: Config file modified: c:\users\nalli\.config\yasb\config.yaml
2026-03-04 22:56:45,136 [DEBUG] [Thread-5] [root/watcher.py:90]: Config file modified: c:\users\nalli\.config\yasb\config.yaml
2026-03-04 22:56:45,159 [ERROR] [MainThread] [root/config.py:121]: The config file 'C:\Users\nalli\.config\yasb\config.yaml' contains validation errors. Please fix:
bars:
  primary-bar:
    widgets:
      right:
        4:
        - Input should be a valid string

2026-03-04 22:56:47,647 [DEBUG] [Thread-5] [root/watcher.py:90]: Config file modified: c:\users\nalli\.config\yasb\config.yaml
2026-03-04 22:56:47,669 [INFO] [MainThread] [root/controller.py:15]: Reloading Application because of config change.
2026-03-04 22:56:47,783 [INFO] [MainThread] [cli_server/cli_server.py:114]: Log pipe server stopped
2026-03-04 22:56:47,783 [DEBUG] [MainThread] [cli_server/cli_server.py:209]: CLI server stopped
2026-03-04 22:56:47,789 [INFO] [MainThread] [root/bar_manager.py:79]: Successfully loaded updated config and re-initialised all bars.
2026-03-04 22:56:47,901 [INFO] [MainThread] [root/bar_manager.py:104]: Stopping KomorebiEventListener...
2026-03-04 22:56:47,902 [INFO] [MainThread] [root/bar_manager.py:104]: Stopping WindowsNotificationEventListener...
2026-03-04 22:56:47,902 [INFO] [MainThread] [root/bar_manager.py:104]: Stopping SystemEventListener...
2026-03-04 22:56:48,336 [INFO] [MainThread] [root/log.py:95]: YASB v1.9.0
2026-03-04 22:56:48,337 [INFO] [CLIPipeServer] [cli_server/cli_server.py:215]: CLI server started v1.1.6
2026-03-04 22:56:48,337 [INFO] [MainThread] [cli_server/cli_server.py:106]: Log pipe server started
2026-03-04 22:56:48,369 [DEBUG] [MainThread] [qasync._windows._EventPoller/_windows.py:215]: Starting (proactor: <_IocpProactor overlapped#=0 result#=0>)...
2026-03-04 22:56:48,371 [DEBUG] [Dummy-3] [qasync._windows._EventWorker/_windows.py:195]: Thread started
2026-03-04 22:56:49,538 [INFO] [MainThread] [root/service.py:102]: UpdateCheckService initialized...
2026-03-04 22:56:49,594 [INFO] [MainThread] [root/bar_manager.py:88]: Starting KomorebiEventListener...
2026-03-04 22:56:49,594 [INFO] [MainThread] [root/bar_manager.py:88]: Starting SystemEventListener...
2026-03-04 22:56:49,595 [INFO] [MainThread] [root/bar_manager.py:88]: Starting WindowsNotificationEventListener...
2026-03-04 22:56:49,596 [INFO] [MainThread] [root/watcher.py:65]: Watching directory: c:\users\nalli\.config\yasb
2026-03-04 22:56:49,596 [INFO] [MainThread] [root/watcher.py:104]: Created file watcher
2026-03-04 22:56:49,676 [INFO] [Dummy-7] [root/event_listener.py:51]: Created named pipe yasb-53cfd697-17ef-11f1-b6c7-f387e1505a35
2026-03-04 22:56:49,709 [INFO] [MainThread] [root/update_service.py:429]: Background update checker started
2026-03-04 22:56:49,905 [INFO] [Dummy-7] [root/event_listener.py:125]: Komorebi connected to named pipe: yasb-53cfd697-17ef-11f1-b6c7-f387e1505a35
2026-03-04 22:56:50,174 [INFO] [MainThread] [root/api.py:69]: Fetching new weather data at 2026-03-04 22:56:50.174360
2026-03-04 22:58:22,903 [DEBUG] [Thread-5] [root/watcher.py:90]: Config file modified: c:\users\nalli\.config\yasb\config.yaml
2026-03-04 22:58:22,921 [ERROR] [MainThread] [root/bar_manager.py:67]: Error loading config: while scanning a double-quoted scalar
  in "C:\Users\nalli\.config\yasb\config.yaml", line 326, column 14
expected escape sequence of 4 hexadecimal numbers, but found ' '
  in "C:\Users\nalli\.config\yasb\config.yaml", line 326, column 17
2026-03-04 22:58:25,124 [DEBUG] [Thread-5] [root/watcher.py:90]: Config file modified: c:\users\nalli\.config\yasb\config.yaml
2026-03-04 22:58:25,166 [INFO] [MainThread] [root/controller.py:15]: Reloading Application because of config change.
2026-03-04 22:58:25,278 [INFO] [MainThread] [cli_server/cli_server.py:114]: Log pipe server stopped
2026-03-04 22:58:25,278 [DEBUG] [MainThread] [cli_server/cli_server.py:209]: CLI server stopped
2026-03-04 22:58:25,284 [INFO] [MainThread] [root/bar_manager.py:79]: Successfully loaded updated config and re-initialised all bars.
2026-03-04 22:58:25,385 [INFO] [MainThread] [root/bar_manager.py:104]: Stopping KomorebiEventListener...
2026-03-04 22:58:25,389 [INFO] [MainThread] [root/bar_manager.py:104]: Stopping SystemEventListener...
2026-03-04 22:58:25,390 [INFO] [MainThread] [root/bar_manager.py:104]: Stopping WindowsNotificationEventListener...
2026-03-04 22:58:25,440 [INFO] [Dummy-7] [root/event_listener.py:92]: Attempting to reconnect to Komorebi...
2026-03-04 22:58:25,850 [INFO] [MainThread] [root/log.py:95]: YASB v1.9.0
2026-03-04 22:58:25,851 [INFO] [CLIPipeServer] [cli_server/cli_server.py:215]: CLI server started v1.1.6
2026-03-04 22:58:25,851 [INFO] [MainThread] [cli_server/cli_server.py:106]: Log pipe server started
2026-03-04 22:58:25,873 [DEBUG] [MainThread] [qasync._windows._EventPoller/_windows.py:215]: Starting (proactor: <_IocpProactor overlapped#=0 result#=0>)...
2026-03-04 22:58:25,874 [DEBUG] [Dummy-3] [qasync._windows._EventWorker/_windows.py:195]: Thread started
2026-03-04 22:58:26,663 [INFO] [MainThread] [root/service.py:102]: UpdateCheckService initialized...
2026-03-04 22:58:26,717 [INFO] [MainThread] [root/bar_manager.py:88]: Starting KomorebiEventListener...
2026-03-04 22:58:26,717 [INFO] [MainThread] [root/bar_manager.py:88]: Starting SystemEventListener...
2026-03-04 22:58:26,717 [INFO] [MainThread] [root/bar_manager.py:88]: Starting WindowsNotificationEventListener...
2026-03-04 22:58:26,719 [INFO] [MainThread] [root/watcher.py:65]: Watching directory: c:\users\nalli\.config\yasb
2026-03-04 22:58:26,719 [INFO] [MainThread] [root/watcher.py:104]: Created file watcher
2026-03-04 22:58:26,784 [INFO] [Dummy-7] [root/event_listener.py:51]: Created named pipe yasb-8db3966a-17ef-11f1-ad2a-f387e1505a35
2026-03-04 22:58:26,803 [INFO] [MainThread] [root/update_service.py:429]: Background update checker started
2026-03-04 22:58:26,971 [INFO] [Dummy-7] [root/event_listener.py:125]: Komorebi connected to named pipe: yasb-8db3966a-17ef-11f1-ad2a-f387e1505a35
2026-03-04 22:58:27,579 [INFO] [MainThread] [root/api.py:69]: Fetching new weather data at 2026-03-04 22:58:27.579280
2026-03-04 22:58:42,403 [DEBUG] [Thread-5] [root/watcher.py:90]: Config file modified: c:\users\nalli\.config\yasb\config.yaml
2026-03-04 22:58:42,420 [INFO] [MainThread] [root/controller.py:15]: Reloading Application because of config change.
2026-03-04 22:58:42,528 [INFO] [MainThread] [cli_server/cli_server.py:114]: Log pipe server stopped
2026-03-04 22:58:42,528 [DEBUG] [MainThread] [cli_server/cli_server.py:209]: CLI server stopped
2026-03-04 22:58:42,532 [INFO] [MainThread] [root/bar_manager.py:79]: Successfully loaded updated config and re-initialised all bars.
2026-03-04 22:58:42,618 [INFO] [MainThread] [root/bar_manager.py:104]: Stopping KomorebiEventListener...
2026-03-04 22:58:42,619 [INFO] [MainThread] [root/bar_manager.py:104]: Stopping SystemEventListener...
2026-03-04 22:58:42,619 [INFO] [Dummy-7] [root/event_listener.py:92]: Attempting to reconnect to Komorebi...
2026-03-04 22:58:42,619 [INFO] [MainThread] [root/bar_manager.py:104]: Stopping WindowsNotificationEventListener...
2026-03-04 22:58:43,059 [INFO] [MainThread] [root/log.py:95]: YASB v1.9.0
2026-03-04 22:58:43,060 [INFO] [CLIPipeServer] [cli_server/cli_server.py:215]: CLI server started v1.1.6
2026-03-04 22:58:43,060 [INFO] [MainThread] [cli_server/cli_server.py:106]: Log pipe server started
2026-03-04 22:58:43,082 [DEBUG] [MainThread] [qasync._windows._EventPoller/_windows.py:215]: Starting (proactor: <_IocpProactor overlapped#=0 result#=0>)...
2026-03-04 22:58:43,083 [DEBUG] [Dummy-3] [qasync._windows._EventWorker/_windows.py:195]: Thread started
2026-03-04 22:58:43,864 [INFO] [MainThread] [root/service.py:102]: UpdateCheckService initialized...
2026-03-04 22:58:43,922 [INFO] [MainThread] [root/bar_manager.py:88]: Starting SystemEventListener...
2026-03-04 22:58:43,922 [INFO] [MainThread] [root/bar_manager.py:88]: Starting WindowsNotificationEventListener...
2026-03-04 22:58:43,923 [INFO] [MainThread] [root/bar_manager.py:88]: Starting KomorebiEventListener...
2026-03-04 22:58:43,924 [INFO] [MainThread] [root/watcher.py:65]: Watching directory: c:\users\nalli\.config\yasb
2026-03-04 22:58:43,924 [INFO] [MainThread] [root/watcher.py:104]: Created file watcher
2026-03-04 22:58:43,986 [INFO] [Dummy-7] [root/event_listener.py:51]: Created named pipe yasb-97f51245-17ef-11f1-8868-f387e1505a35
2026-03-04 22:58:44,013 [INFO] [MainThread] [root/update_service.py:429]: Background update checker started
2026-03-04 22:58:44,151 [INFO] [Dummy-7] [root/event_listener.py:125]: Komorebi connected to named pipe: yasb-97f51245-17ef-11f1-8868-f387e1505a35
2026-03-04 22:58:44,434 [INFO] [MainThread] [root/api.py:69]: Fetching new weather data at 2026-03-04 22:58:44.434825
2026-03-04 23:01:19,159 [DEBUG] [MainThread] [root/utilities.py:205]: Failed to get version info for C:\Program Files\komorebi\bin\komorebi-shortcuts.exe: (1813, 'GetFileVersionInfo:GetFileVersionInfoSize', 'The specified resource type cannot be found in the image file.')
2026-03-04 23:02:08,733 [DEBUG] [Thread-5] [root/watcher.py:84]: Stylesheet modified: c:\users\nalli\.config\yasb\styles.css
2026-03-04 23:02:10,410 [DEBUG] [Thread-5] [root/watcher.py:84]: Stylesheet modified: c:\users\nalli\.config\yasb\styles.css
2026-03-04 23:02:12,968 [DEBUG] [Thread-5] [root/watcher.py:84]: Stylesheet modified: c:\users\nalli\.config\yasb\styles.css
2026-03-04 23:02:15,783 [DEBUG] [Thread-5] [root/watcher.py:84]: Stylesheet modified: c:\users\nalli\.config\yasb\styles.css
2026-03-04 23:02:15,795 [DEBUG] [Thread-5] [root/watcher.py:84]: Stylesheet modified: c:\users\nalli\.config\yasb\styles.css
2026-03-04 23:02:20,869 [DEBUG] [Thread-5] [root/watcher.py:84]: Stylesheet modified: c:\users\nalli\.config\yasb\styles.css
2026-03-04 23:02:28,695 [DEBUG] [Thread-5] [root/watcher.py:84]: Stylesheet modified: c:\users\nalli\.config\yasb\styles.css
2026-03-04 23:02:35,370 [DEBUG] [Thread-5] [root/watcher.py:84]: Stylesheet modified: c:\users\nalli\.config\yasb\styles.css
2026-03-04 23:02:39,076 [DEBUG] [Thread-5] [root/watcher.py:84]: Stylesheet modified: c:\users\nalli\.config\yasb\styles.css
2026-03-04 23:02:40,281 [DEBUG] [Thread-5] [root/watcher.py:84]: Stylesheet modified: c:\users\nalli\.config\yasb\styles.css
2026-03-04 23:02:46,379 [DEBUG] [Thread-5] [root/watcher.py:84]: Stylesheet modified: c:\users\nalli\.config\yasb\styles.css
2026-03-04 23:02:47,664 [DEBUG] [Thread-5] [root/watcher.py:84]: Stylesheet modified: c:\users\nalli\.config\yasb\styles.css
2026-03-04 23:02:51,449 [DEBUG] [Thread-5] [root/watcher.py:84]: Stylesheet modified: c:\users\nalli\.config\yasb\styles.css
2026-03-04 23:03:02,658 [DEBUG] [Thread-5] [root/watcher.py:84]: Stylesheet modified: c:\users\nalli\.config\yasb\styles.css
2026-03-04 23:03:04,260 [DEBUG] [Thread-5] [root/watcher.py:84]: Stylesheet modified: c:\users\nalli\.config\yasb\styles.css
2026-03-04 23:03:10,243 [DEBUG] [Thread-5] [root/watcher.py:84]: Stylesheet modified: c:\users\nalli\.config\yasb\styles.css
2026-03-04 23:03:14,134 [DEBUG] [Thread-5] [root/watcher.py:84]: Stylesheet modified: c:\users\nalli\.config\yasb\styles.css
2026-03-04 23:03:16,943 [DEBUG] [Thread-5] [root/watcher.py:84]: Stylesheet modified: c:\users\nalli\.config\yasb\styles.css
2026-03-04 23:03:24,077 [DEBUG] [Thread-5] [root/watcher.py:84]: Stylesheet modified: c:\users\nalli\.config\yasb\styles.css
2026-03-04 23:03:31,102 [DEBUG] [Thread-5] [root/watcher.py:84]: Stylesheet modified: c:\users\nalli\.config\yasb\styles.css
2026-03-04 23:03:56,277 [DEBUG] [Thread-5] [root/watcher.py:84]: Stylesheet modified: c:\users\nalli\.config\yasb\styles.css
2026-03-04 23:04:24,682 [DEBUG] [Thread-5] [root/watcher.py:90]: Config file modified: c:\users\nalli\.config\yasb\config.yaml
2026-03-04 23:04:24,700 [INFO] [MainThread] [root/controller.py:15]: Reloading Application because of config change.
2026-03-04 23:04:24,803 [INFO] [MainThread] [cli_server/cli_server.py:114]: Log pipe server stopped
2026-03-04 23:04:24,803 [DEBUG] [MainThread] [cli_server/cli_server.py:209]: CLI server stopped
2026-03-04 23:04:24,808 [INFO] [MainThread] [root/bar_manager.py:79]: Successfully loaded updated config and re-initialised all bars.
2026-03-04 23:04:24,878 [INFO] [MainThread] [root/bar_manager.py:104]: Stopping SystemEventListener...
2026-03-04 23:04:24,879 [INFO] [MainThread] [root/bar_manager.py:104]: Stopping WindowsNotificationEventListener...
2026-03-04 23:04:24,880 [INFO] [MainThread] [root/bar_manager.py:104]: Stopping KomorebiEventListener...
2026-03-04 23:04:24,897 [INFO] [Dummy-7] [root/event_listener.py:92]: Attempting to reconnect to Komorebi...
2026-03-04 23:04:25,302 [INFO] [MainThread] [root/log.py:95]: YASB v1.9.0
2026-03-04 23:04:25,303 [INFO] [CLIPipeServer] [cli_server/cli_server.py:215]: CLI server started v1.1.6
2026-03-04 23:04:25,303 [INFO] [MainThread] [cli_server/cli_server.py:106]: Log pipe server started
2026-03-04 23:04:25,324 [DEBUG] [MainThread] [qasync._windows._EventPoller/_windows.py:215]: Starting (proactor: <_IocpProactor overlapped#=0 result#=0>)...
2026-03-04 23:04:25,325 [DEBUG] [Dummy-3] [qasync._windows._EventWorker/_windows.py:195]: Thread started
2026-03-04 23:04:26,059 [INFO] [MainThread] [root/service.py:102]: UpdateCheckService initialized...
2026-03-04 23:04:26,109 [INFO] [MainThread] [root/bar_manager.py:88]: Starting SystemEventListener...
2026-03-04 23:04:26,109 [INFO] [MainThread] [root/bar_manager.py:88]: Starting WindowsNotificationEventListener...
2026-03-04 23:04:26,110 [INFO] [MainThread] [root/bar_manager.py:88]: Starting KomorebiEventListener...
2026-03-04 23:04:26,111 [INFO] [MainThread] [root/watcher.py:65]: Watching directory: c:\users\nalli\.config\yasb
2026-03-04 23:04:26,111 [INFO] [MainThread] [root/watcher.py:104]: Created file watcher
2026-03-04 23:04:26,157 [INFO] [Dummy-7] [root/event_listener.py:51]: Created named pipe yasb-63eaa68f-17f0-11f1-8c2f-f387e1505a35
2026-03-04 23:04:26,189 [INFO] [MainThread] [root/update_service.py:429]: Background update checker started
2026-03-04 23:04:26,349 [INFO] [Dummy-7] [root/event_listener.py:125]: Komorebi connected to named pipe: yasb-63eaa68f-17f0-11f1-8c2f-f387e1505a35
2026-03-04 23:04:27,142 [INFO] [MainThread] [root/api.py:69]: Fetching new weather data at 2026-03-04 23:04:27.142730
2026-03-04 23:04:30,574 [DEBUG] [Thread-5] [root/watcher.py:90]: Config file modified: c:\users\nalli\.config\yasb\config.yaml
2026-03-04 23:04:32,211 [DEBUG] [Thread-5] [root/watcher.py:90]: Config file modified: c:\users\nalli\.config\yasb\config.yaml
2026-03-04 23:04:32,227 [INFO] [MainThread] [root/controller.py:15]: Reloading Application because of config change.
2026-03-04 23:04:32,329 [INFO] [MainThread] [cli_server/cli_server.py:114]: Log pipe server stopped
2026-03-04 23:04:32,329 [DEBUG] [MainThread] [cli_server/cli_server.py:209]: CLI server stopped
2026-03-04 23:04:32,334 [INFO] [MainThread] [root/bar_manager.py:79]: Successfully loaded updated config and re-initialised all bars.
2026-03-04 23:04:32,400 [INFO] [MainThread] [root/bar_manager.py:104]: Stopping SystemEventListener...
2026-03-04 23:04:32,401 [INFO] [MainThread] [root/bar_manager.py:104]: Stopping WindowsNotificationEventListener...
2026-03-04 23:04:32,401 [INFO] [MainThread] [root/bar_manager.py:104]: Stopping KomorebiEventListener...
2026-03-04 23:04:32,803 [INFO] [MainThread] [root/log.py:95]: YASB v1.9.0
2026-03-04 23:04:32,803 [INFO] [CLIPipeServer] [cli_server/cli_server.py:215]: CLI server started v1.1.6
2026-03-04 23:04:32,803 [INFO] [MainThread] [cli_server/cli_server.py:106]: Log pipe server started
2026-03-04 23:04:32,823 [DEBUG] [MainThread] [qasync._windows._EventPoller/_windows.py:215]: Starting (proactor: <_IocpProactor overlapped#=0 result#=0>)...
2026-03-04 23:04:32,824 [DEBUG] [Dummy-3] [qasync._windows._EventWorker/_windows.py:195]: Thread started
2026-03-04 23:04:33,590 [INFO] [MainThread] [root/service.py:102]: UpdateCheckService initialized...
2026-03-04 23:04:33,640 [INFO] [MainThread] [root/bar_manager.py:88]: Starting WindowsNotificationEventListener...
2026-03-04 23:04:33,641 [INFO] [MainThread] [root/bar_manager.py:88]: Starting KomorebiEventListener...
2026-03-04 23:04:33,641 [INFO] [MainThread] [root/bar_manager.py:88]: Starting SystemEventListener...
2026-03-04 23:04:33,641 [INFO] [MainThread] [root/watcher.py:65]: Watching directory: c:\users\nalli\.config\yasb
2026-03-04 23:04:33,642 [INFO] [MainThread] [root/watcher.py:104]: Created file watcher
2026-03-04 23:04:33,683 [INFO] [Dummy-7] [root/event_listener.py:51]: Created named pipe yasb-6867aef7-17f0-11f1-a3cf-f387e1505a35
2026-03-04 23:04:33,711 [INFO] [MainThread] [root/update_service.py:429]: Background update checker started
2026-03-04 23:04:33,759 [DEBUG] [Thread-5] [root/watcher.py:90]: Config file modified: c:\users\nalli\.config\yasb\config.yaml
2026-03-04 23:04:33,877 [INFO] [Dummy-7] [root/event_listener.py:125]: Komorebi connected to named pipe: yasb-6867aef7-17f0-11f1-a3cf-f387e1505a35
2026-03-04 23:04:34,196 [INFO] [MainThread] [root/api.py:69]: Fetching new weather data at 2026-03-04 23:04:34.196385
2026-03-04 23:06:38,133 [DEBUG] [Thread-5] [root/watcher.py:90]: Config file modified: c:\users\nalli\.config\yasb\config.yaml
2026-03-04 23:06:38,164 [INFO] [MainThread] [root/controller.py:15]: Reloading Application because of config change.
2026-03-04 23:06:38,275 [INFO] [MainThread] [cli_server/cli_server.py:114]: Log pipe server stopped
2026-03-04 23:06:38,275 [DEBUG] [MainThread] [cli_server/cli_server.py:209]: CLI server stopped
2026-03-04 23:06:38,280 [INFO] [MainThread] [root/bar_manager.py:79]: Successfully loaded updated config and re-initialised all bars.
2026-03-04 23:06:38,355 [INFO] [MainThread] [root/bar_manager.py:104]: Stopping WindowsNotificationEventListener...
2026-03-04 23:06:38,356 [INFO] [MainThread] [root/bar_manager.py:104]: Stopping KomorebiEventListener...
2026-03-04 23:06:38,356 [INFO] [MainThread] [root/bar_manager.py:104]: Stopping SystemEventListener...
2026-03-04 23:06:38,796 [INFO] [MainThread] [root/log.py:95]: YASB v1.9.0
2026-03-04 23:06:38,796 [INFO] [CLIPipeServer] [cli_server/cli_server.py:215]: CLI server started v1.1.6
2026-03-04 23:06:38,796 [INFO] [MainThread] [cli_server/cli_server.py:106]: Log pipe server started
2026-03-04 23:06:38,816 [DEBUG] [MainThread] [qasync._windows._EventPoller/_windows.py:215]: Starting (proactor: <_IocpProactor overlapped#=0 result#=0>)...
2026-03-04 23:06:38,817 [DEBUG] [Dummy-3] [qasync._windows._EventWorker/_windows.py:195]: Thread started
2026-03-04 23:06:39,526 [INFO] [MainThread] [root/service.py:102]: UpdateCheckService initialized...
2026-03-04 23:06:39,573 [INFO] [MainThread] [root/bar_manager.py:88]: Starting SystemEventListener...
2026-03-04 23:06:39,573 [INFO] [MainThread] [root/bar_manager.py:88]: Starting WindowsNotificationEventListener...
2026-03-04 23:06:39,574 [INFO] [MainThread] [root/bar_manager.py:88]: Starting KomorebiEventListener...
2026-03-04 23:06:39,575 [INFO] [MainThread] [root/watcher.py:65]: Watching directory: c:\users\nalli\.config\yasb
2026-03-04 23:06:39,575 [INFO] [MainThread] [root/watcher.py:104]: Created file watcher
2026-03-04 23:06:39,624 [INFO] [Dummy-7] [root/event_listener.py:51]: Created named pipe yasb-b37798df-17f0-11f1-9d71-f387e1505a35
2026-03-04 23:06:39,651 [INFO] [MainThread] [root/update_service.py:429]: Background update checker started
2026-03-04 23:06:39,792 [INFO] [Dummy-7] [root/event_listener.py:125]: Komorebi connected to named pipe: yasb-b37798df-17f0-11f1-9d71-f387e1505a35
2026-03-04 23:06:40,046 [INFO] [MainThread] [root/api.py:69]: Fetching new weather data at 2026-03-04 23:06:40.046761
2026-03-04 23:06:47,887 [DEBUG] [Thread-5] [root/watcher.py:90]: Config file modified: c:\users\nalli\.config\yasb\config.yaml
2026-03-04 23:06:47,904 [INFO] [MainThread] [root/controller.py:15]: Reloading Application because of config change.
2026-03-04 23:06:48,006 [INFO] [MainThread] [cli_server/cli_server.py:114]: Log pipe server stopped
2026-03-04 23:06:48,006 [DEBUG] [MainThread] [cli_server/cli_server.py:209]: CLI server stopped
2026-03-04 23:06:48,014 [INFO] [MainThread] [root/bar_manager.py:79]: Successfully loaded updated config and re-initialised all bars.
2026-03-04 23:06:48,088 [INFO] [MainThread] [root/bar_manager.py:104]: Stopping SystemEventListener...
2026-03-04 23:06:48,088 [INFO] [MainThread] [root/bar_manager.py:104]: Stopping WindowsNotificationEventListener...
2026-03-04 23:06:48,089 [INFO] [MainThread] [root/bar_manager.py:104]: Stopping KomorebiEventListener...
2026-03-04 23:06:48,094 [INFO] [Dummy-7] [root/event_listener.py:92]: Attempting to reconnect to Komorebi...
2026-03-04 23:06:48,507 [INFO] [MainThread] [root/log.py:95]: YASB v1.9.0
2026-03-04 23:06:48,507 [INFO] [CLIPipeServer] [cli_server/cli_server.py:215]: CLI server started v1.1.6
2026-03-04 23:06:48,508 [INFO] [MainThread] [cli_server/cli_server.py:106]: Log pipe server started
2026-03-04 23:06:48,530 [DEBUG] [MainThread] [qasync._windows._EventPoller/_windows.py:215]: Starting (proactor: <_IocpProactor overlapped#=0 result#=0>)...
2026-03-04 23:06:48,531 [DEBUG] [Dummy-3] [qasync._windows._EventWorker/_windows.py:195]: Thread started
2026-03-04 23:06:49,252 [INFO] [MainThread] [root/service.py:102]: UpdateCheckService initialized...
2026-03-04 23:06:49,302 [INFO] [MainThread] [root/bar_manager.py:88]: Starting SystemEventListener...
2026-03-04 23:06:49,302 [INFO] [MainThread] [root/bar_manager.py:88]: Starting KomorebiEventListener...
2026-03-04 23:06:49,303 [INFO] [MainThread] [root/bar_manager.py:88]: Starting WindowsNotificationEventListener...
2026-03-04 23:06:49,304 [INFO] [MainThread] [root/watcher.py:65]: Watching directory: c:\users\nalli\.config\yasb
2026-03-04 23:06:49,304 [INFO] [MainThread] [root/watcher.py:104]: Created file watcher
2026-03-04 23:06:49,356 [INFO] [Dummy-7] [root/event_listener.py:51]: Created named pipe yasb-b9440822-17f0-11f1-9231-f387e1505a35
2026-03-04 23:06:49,388 [INFO] [MainThread] [root/update_service.py:429]: Background update checker started
2026-03-04 23:06:49,516 [INFO] [Dummy-7] [root/event_listener.py:125]: Komorebi connected to named pipe: yasb-b9440822-17f0-11f1-9231-f387e1505a35
2026-03-04 23:06:49,840 [INFO] [MainThread] [root/api.py:69]: Fetching new weather data at 2026-03-04 23:06:49.840455
2026-03-04 23:07:37,729 [DEBUG] [Thread-5] [root/watcher.py:90]: Config file modified: c:\users\nalli\.config\yasb\config.yaml
2026-03-04 23:07:37,746 [INFO] [MainThread] [root/controller.py:15]: Reloading Application because of config change.
2026-03-04 23:07:37,855 [INFO] [MainThread] [cli_server/cli_server.py:114]: Log pipe server stopped
2026-03-04 23:07:37,855 [DEBUG] [MainThread] [cli_server/cli_server.py:209]: CLI server stopped
2026-03-04 23:07:37,861 [INFO] [MainThread] [root/bar_manager.py:79]: Successfully loaded updated config and re-initialised all bars.
2026-03-04 23:07:37,954 [INFO] [MainThread] [root/bar_manager.py:104]: Stopping SystemEventListener...
2026-03-04 23:07:37,954 [INFO] [MainThread] [root/bar_manager.py:104]: Stopping KomorebiEventListener...
2026-03-04 23:07:37,955 [INFO] [MainThread] [root/bar_manager.py:104]: Stopping WindowsNotificationEventListener...
2026-03-04 23:07:37,957 [INFO] [Dummy-7] [root/event_listener.py:92]: Attempting to reconnect to Komorebi...
2026-03-04 23:07:38,378 [INFO] [MainThread] [root/log.py:95]: YASB v1.9.0
2026-03-04 23:07:38,378 [INFO] [CLIPipeServer] [cli_server/cli_server.py:215]: CLI server started v1.1.6
2026-03-04 23:07:38,379 [INFO] [MainThread] [cli_server/cli_server.py:106]: Log pipe server started
2026-03-04 23:07:38,403 [DEBUG] [MainThread] [qasync._windows._EventPoller/_windows.py:215]: Starting (proactor: <_IocpProactor overlapped#=0 result#=0>)...
2026-03-04 23:07:38,403 [DEBUG] [Dummy-3] [qasync._windows._EventWorker/_windows.py:195]: Thread started
2026-03-04 23:07:38,966 [INFO] [MainThread] [root/service.py:102]: UpdateCheckService initialized...
2026-03-04 23:07:39,014 [INFO] [MainThread] [root/bar_manager.py:88]: Starting WindowsNotificationEventListener...
2026-03-04 23:07:39,015 [INFO] [MainThread] [root/bar_manager.py:88]: Starting KomorebiEventListener...
2026-03-04 23:07:39,015 [INFO] [MainThread] [root/bar_manager.py:88]: Starting SystemEventListener...
2026-03-04 23:07:39,015 [INFO] [MainThread] [root/watcher.py:65]: Watching directory: c:\users\nalli\.config\yasb
2026-03-04 23:07:39,016 [INFO] [MainThread] [root/watcher.py:104]: Created file watcher
2026-03-04 23:07:39,068 [INFO] [Dummy-7] [root/event_listener.py:51]: Created named pipe yasb-d6e585c4-17f0-11f1-90f7-f387e1505a35
2026-03-04 23:07:39,094 [INFO] [MainThread] [root/update_service.py:429]: Background update checker started
2026-03-04 23:07:39,238 [INFO] [Dummy-7] [root/event_listener.py:125]: Komorebi connected to named pipe: yasb-d6e585c4-17f0-11f1-90f7-f387e1505a35
2026-03-04 23:07:39,766 [INFO] [MainThread] [root/api.py:69]: Fetching new weather data at 2026-03-04 23:07:39.766470
2026-03-04 23:17:39,334 [INFO] [MainThread] [root/api.py:69]: Fetching new weather data at 2026-03-04 23:17:39.334748
2026-03-04 23:18:23,861 [DEBUG] [Thread-5] [root/watcher.py:90]: Config file modified: c:\users\nalli\.config\yasb\config.yaml
2026-03-04 23:18:29,521 [DEBUG] [Thread-5] [root/watcher.py:90]: Config file modified: c:\users\nalli\.config\yasb\config.yaml
2026-03-04 23:18:29,543 [ERROR] [MainThread] [root/config.py:121]: The config file 'C:\Users\nalli\.config\yasb\config.yaml' contains validation errors. Please fix:
bars:
  primary-bar:
    widgets:
      right:
        2:
        - Input should be a valid string

2026-03-04 23:18:35,804 [DEBUG] [Thread-5] [root/watcher.py:90]: Config file modified: c:\users\nalli\.config\yasb\config.yaml
2026-03-04 23:18:35,828 [ERROR] [MainThread] [root/config.py:121]: The config file 'C:\Users\nalli\.config\yasb\config.yaml' contains validation errors. Please fix:
bars:
  primary-bar:
    widgets:
      right:
        2:
        - Input should be a valid string

2026-03-04 23:18:39,401 [DEBUG] [Thread-5] [root/watcher.py:90]: Config file modified: c:\users\nalli\.config\yasb\config.yaml
2026-03-04 23:18:39,426 [INFO] [MainThread] [root/controller.py:15]: Reloading Application because of config change.
2026-03-04 23:18:39,538 [INFO] [MainThread] [cli_server/cli_server.py:114]: Log pipe server stopped
2026-03-04 23:18:39,538 [DEBUG] [MainThread] [cli_server/cli_server.py:209]: CLI server stopped
2026-03-04 23:18:39,543 [INFO] [MainThread] [root/bar_manager.py:79]: Successfully loaded updated config and re-initialised all bars.
2026-03-04 23:18:39,637 [INFO] [MainThread] [root/bar_manager.py:104]: Stopping WindowsNotificationEventListener...
2026-03-04 23:18:39,638 [INFO] [MainThread] [root/bar_manager.py:104]: Stopping KomorebiEventListener...
2026-03-04 23:18:39,638 [INFO] [MainThread] [root/bar_manager.py:104]: Stopping SystemEventListener...
2026-03-04 23:18:39,690 [INFO] [Dummy-7] [root/event_listener.py:92]: Attempting to reconnect to Komorebi...
2026-03-04 23:18:40,198 [INFO] [MainThread] [root/log.py:95]: YASB v1.9.0
2026-03-04 23:18:40,199 [INFO] [CLIPipeServer] [cli_server/cli_server.py:215]: CLI server started v1.1.6
2026-03-04 23:18:40,199 [INFO] [MainThread] [cli_server/cli_server.py:106]: Log pipe server started
2026-03-04 23:18:40,226 [DEBUG] [MainThread] [qasync._windows._EventPoller/_windows.py:215]: Starting (proactor: <_IocpProactor overlapped#=0 result#=0>)...
2026-03-04 23:18:40,227 [DEBUG] [Dummy-3] [qasync._windows._EventWorker/_windows.py:195]: Thread started
2026-03-04 23:18:40,885 [WARNING] [MainThread] [root/widget_builder.py:40]: No widget config could be found for widget '
2026-03-04 23:18:40,957 [INFO] [MainThread] [root/service.py:102]: UpdateCheckService initialized...
2026-03-04 23:18:41,005 [INFO] [MainThread] [root/bar_manager.py:88]: Starting WindowsNotificationEventListener...
2026-03-04 23:18:41,006 [INFO] [MainThread] [root/bar_manager.py:88]: Starting KomorebiEventListener...
2026-03-04 23:18:41,006 [INFO] [MainThread] [root/bar_manager.py:88]: Starting SystemEventListener...
2026-03-04 23:18:41,006 [ERROR] [MainThread] [root/widget_builder.py:97]: Failed to add undefined widget(s)  - The widget "" is undefined.
2026-03-04 23:18:41,033 [INFO] [Dummy-5] [root/event_listener.py:51]: Created named pipe yasb-617966ed-17f2-11f1-be77-f387e1505a35
2026-03-04 23:18:41,050 [INFO] [MainThread] [root/watcher.py:65]: Watching directory: c:\users\nalli\.config\yasb
2026-03-04 23:18:41,050 [INFO] [MainThread] [root/watcher.py:104]: Created file watcher
2026-03-04 23:18:41,107 [INFO] [MainThread] [root/update_service.py:429]: Background update checker started
2026-03-04 23:18:41,227 [INFO] [Dummy-5] [root/event_listener.py:125]: Komorebi connected to named pipe: yasb-617966ed-17f2-11f1-be77-f387e1505a35
2026-03-04 23:18:41,937 [INFO] [MainThread] [root/api.py:69]: Fetching new weather data at 2026-03-04 23:18:41.937049
2026-03-04 23:18:43,786 [DEBUG] [Thread-7] [root/watcher.py:90]: Config file modified: c:\users\nalli\.config\yasb\config.yaml
2026-03-04 23:18:43,813 [INFO] [MainThread] [root/controller.py:15]: Reloading Application because of config change.
2026-03-04 23:18:43,926 [INFO] [MainThread] [cli_server/cli_server.py:114]: Log pipe server stopped
2026-03-04 23:18:43,926 [DEBUG] [MainThread] [cli_server/cli_server.py:209]: CLI server stopped
2026-03-04 23:18:43,930 [INFO] [MainThread] [root/bar_manager.py:79]: Successfully loaded updated config and re-initialised all bars.
2026-03-04 23:18:44,064 [INFO] [MainThread] [root/bar_manager.py:104]: Stopping WindowsNotificationEventListener...
2026-03-04 23:18:44,064 [INFO] [MainThread] [root/bar_manager.py:104]: Stopping KomorebiEventListener...
2026-03-04 23:18:44,064 [INFO] [MainThread] [root/bar_manager.py:104]: Stopping SystemEventListener...
2026-03-04 23:18:44,417 [INFO] [MainThread] [root/log.py:95]: YASB v1.9.0
2026-03-04 23:18:44,417 [INFO] [CLIPipeServer] [cli_server/cli_server.py:215]: CLI server started v1.1.6
2026-03-04 23:18:44,418 [INFO] [MainThread] [cli_server/cli_server.py:106]: Log pipe server started
2026-03-04 23:18:44,442 [DEBUG] [MainThread] [qasync._windows._EventPoller/_windows.py:215]: Starting (proactor: <_IocpProactor overlapped#=0 result#=0>)...
2026-03-04 23:18:44,442 [DEBUG] [Dummy-3] [qasync._windows._EventWorker/_windows.py:195]: Thread started
2026-03-04 23:18:45,192 [WARNING] [MainThread] [root/widget_builder.py:40]: No widget config could be found for widget 't
2026-03-04 23:18:45,340 [INFO] [MainThread] [root/service.py:102]: UpdateCheckService initialized...
2026-03-04 23:18:45,409 [INFO] [MainThread] [root/bar_manager.py:88]: Starting KomorebiEventListener...
2026-03-04 23:18:45,409 [INFO] [MainThread] [root/bar_manager.py:88]: Starting SystemEventListener...
2026-03-04 23:18:45,410 [INFO] [MainThread] [root/bar_manager.py:88]: Starting WindowsNotificationEventListener...
2026-03-04 23:18:45,411 [ERROR] [MainThread] [root/widget_builder.py:97]: Failed to add undefined widget(s)  - The widget "t" is undefined.
2026-03-04 23:18:45,428 [INFO] [Dummy-5] [root/event_listener.py:51]: Created named pipe yasb-64194519-17f2-11f1-b2db-f387e1505a35
2026-03-04 23:18:45,444 [INFO] [MainThread] [root/watcher.py:65]: Watching directory: c:\users\nalli\.config\yasb
2026-03-04 23:18:45,446 [INFO] [MainThread] [root/watcher.py:104]: Created file watcher
2026-03-04 23:18:45,506 [INFO] [MainThread] [root/update_service.py:429]: Background update checker started
2026-03-04 23:18:45,821 [INFO] [Dummy-5] [root/event_listener.py:125]: Komorebi connected to named pipe: yasb-64194519-17f2-11f1-b2db-f387e1505a35
2026-03-04 23:18:46,027 [DEBUG] [Thread-6] [root/watcher.py:90]: Config file modified: c:\users\nalli\.config\yasb\config.yaml
2026-03-04 23:18:46,061 [INFO] [MainThread] [root/controller.py:15]: Reloading Application because of config change.
2026-03-04 23:18:46,162 [INFO] [MainThread] [cli_server/cli_server.py:114]: Log pipe server stopped
2026-03-04 23:18:46,162 [DEBUG] [MainThread] [cli_server/cli_server.py:209]: CLI server stopped
2026-03-04 23:18:46,166 [INFO] [MainThread] [root/bar_manager.py:79]: Successfully loaded updated config and re-initialised all bars.
2026-03-04 23:18:46,250 [INFO] [MainThread] [root/api.py:69]: Fetching new weather data at 2026-03-04 23:18:46.250605
2026-03-04 23:18:46,373 [INFO] [MainThread] [root/bar_manager.py:104]: Stopping KomorebiEventListener...
2026-03-04 23:18:46,373 [INFO] [MainThread] [root/bar_manager.py:104]: Stopping SystemEventListener...
2026-03-04 23:18:46,374 [INFO] [MainThread] [root/bar_manager.py:104]: Stopping WindowsNotificationEventListener...
2026-03-04 23:18:46,622 [INFO] [MainThread] [root/log.py:95]: YASB v1.9.0
2026-03-04 23:18:46,622 [INFO] [CLIPipeServer] [cli_server/cli_server.py:215]: CLI server started v1.1.6
2026-03-04 23:18:46,623 [INFO] [MainThread] [cli_server/cli_server.py:106]: Log pipe server started
2026-03-04 23:18:46,647 [DEBUG] [MainThread] [qasync._windows._EventPoller/_windows.py:215]: Starting (proactor: <_IocpProactor overlapped#=0 result#=0>)...
2026-03-04 23:18:46,648 [DEBUG] [Dummy-3] [qasync._windows._EventWorker/_windows.py:195]: Thread started
2026-03-04 23:18:47,416 [INFO] [MainThread] [root/service.py:102]: UpdateCheckService initialized...
2026-03-04 23:18:47,530 [INFO] [MainThread] [root/bar_manager.py:88]: Starting WindowsNotificationEventListener...
2026-03-04 23:18:47,531 [INFO] [MainThread] [root/bar_manager.py:88]: Starting SystemEventListener...
2026-03-04 23:18:47,531 [INFO] [MainThread] [root/bar_manager.py:88]: Starting KomorebiEventListener...
2026-03-04 23:18:47,532 [INFO] [MainThread] [root/watcher.py:65]: Watching directory: c:\users\nalli\.config\yasb
2026-03-04 23:18:47,532 [INFO] [MainThread] [root/watcher.py:104]: Created file watcher
2026-03-04 23:18:47,543 [INFO] [Dummy-7] [root/event_listener.py:51]: Created named pipe yasb-655d0238-17f2-11f1-8160-f387e1505a35
2026-03-04 23:18:47,608 [INFO] [MainThread] [root/update_service.py:429]: Background update checker started
2026-03-04 23:18:48,243 [INFO] [Dummy-7] [root/event_listener.py:125]: Komorebi connected to named pipe: yasb-655d0238-17f2-11f1-8160-f387e1505a35
2026-03-04 23:18:48,878 [INFO] [MainThread] [root/api.py:69]: Fetching new weather data at 2026-03-04 23:18:48.878572
2026-03-04 23:19:03,667 [DEBUG] [Thread-5] [root/watcher.py:90]: Config file modified: c:\users\nalli\.config\yasb\config.yaml
2026-03-04 23:19:04,767 [DEBUG] [Thread-5] [root/watcher.py:90]: Config file modified: c:\users\nalli\.config\yasb\config.yaml
2026-03-04 23:19:04,792 [ERROR] [MainThread] [root/config.py:121]: The config file 'C:\Users\nalli\.config\yasb\config.yaml' contains validation errors. Please fix:
bars:
  primary-bar:
    widgets:
      right:
        7:
        - Input should be a valid string

2026-03-04 23:19:09,419 [DEBUG] [Thread-5] [root/watcher.py:90]: Config file modified: c:\users\nalli\.config\yasb\config.yaml
2026-03-04 23:19:09,437 [INFO] [MainThread] [root/controller.py:15]: Reloading Application because of config change.
2026-03-04 23:19:09,543 [INFO] [MainThread] [cli_server/cli_server.py:114]: Log pipe server stopped
2026-03-04 23:19:09,543 [DEBUG] [MainThread] [cli_server/cli_server.py:209]: CLI server stopped
2026-03-04 23:19:09,550 [INFO] [MainThread] [root/bar_manager.py:79]: Successfully loaded updated config and re-initialised all bars.
2026-03-04 23:19:09,665 [INFO] [MainThread] [root/bar_manager.py:104]: Stopping WindowsNotificationEventListener...
2026-03-04 23:19:09,666 [INFO] [MainThread] [root/bar_manager.py:104]: Stopping SystemEventListener...
2026-03-04 23:19:09,667 [INFO] [MainThread] [root/bar_manager.py:104]: Stopping KomorebiEventListener...
2026-03-04 23:19:10,040 [INFO] [MainThread] [root/log.py:95]: YASB v1.9.0
2026-03-04 23:19:10,040 [INFO] [CLIPipeServer] [cli_server/cli_server.py:215]: CLI server started v1.1.6
2026-03-04 23:19:10,040 [INFO] [MainThread] [cli_server/cli_server.py:106]: Log pipe server started
2026-03-04 23:19:10,074 [DEBUG] [MainThread] [qasync._windows._EventPoller/_windows.py:215]: Starting (proactor: <_IocpProactor overlapped#=0 result#=0>)...
2026-03-04 23:19:10,075 [DEBUG] [Dummy-3] [qasync._windows._EventWorker/_windows.py:195]: Thread started
2026-03-04 23:19:10,950 [INFO] [MainThread] [root/service.py:102]: UpdateCheckService initialized...
2026-03-04 23:19:14,539 [INFO] [MainThread] [root/bar_manager.py:88]: Starting KomorebiEventListener...
2026-03-04 23:19:14,540 [INFO] [MainThread] [root/bar_manager.py:88]: Starting WindowsNotificationEventListener...
2026-03-04 23:19:14,541 [INFO] [MainThread] [root/bar_manager.py:88]: Starting SystemEventListener...
2026-03-04 23:19:14,542 [INFO] [MainThread] [root/watcher.py:65]: Watching directory: c:\users\nalli\.config\yasb
2026-03-04 23:19:14,543 [INFO] [MainThread] [root/watcher.py:104]: Created file watcher
2026-03-04 23:19:14,544 [INFO] [Dummy-7] [root/event_listener.py:51]: Created named pipe yasb-75763356-17f2-11f1-9d55-f387e1505a35
2026-03-04 23:19:14,638 [INFO] [MainThread] [root/update_service.py:429]: Background update checker started
2026-03-04 23:19:14,755 [INFO] [Dummy-7] [root/event_listener.py:125]: Komorebi connected to named pipe: yasb-75763356-17f2-11f1-9d55-f387e1505a35
2026-03-04 23:19:15,093 [INFO] [MainThread] [root/api.py:69]: Fetching new weather data at 2026-03-04 23:19:15.093897
2026-03-04 23:19:28,509 [DEBUG] [Thread-5] [root/watcher.py:90]: Config file modified: c:\users\nalli\.config\yasb\config.yaml
2026-03-04 23:19:28,546 [INFO] [MainThread] [root/controller.py:15]: Reloading Application because of config change.
2026-03-04 23:19:28,657 [INFO] [MainThread] [cli_server/cli_server.py:114]: Log pipe server stopped
2026-03-04 23:19:28,657 [DEBUG] [MainThread] [cli_server/cli_server.py:209]: CLI server stopped
2026-03-04 23:19:28,662 [INFO] [MainThread] [root/bar_manager.py:79]: Successfully loaded updated config and re-initialised all bars.
2026-03-04 23:19:28,749 [INFO] [MainThread] [root/bar_manager.py:104]: Stopping KomorebiEventListener...
2026-03-04 23:19:28,750 [INFO] [MainThread] [root/bar_manager.py:104]: Stopping WindowsNotificationEventListener...
2026-03-04 23:19:28,750 [INFO] [MainThread] [root/bar_manager.py:104]: Stopping SystemEventListener...
2026-03-04 23:19:29,053 [INFO] [MainThread] [root/log.py:95]: YASB v1.9.0
2026-03-04 23:19:29,053 [INFO] [CLIPipeServer] [cli_server/cli_server.py:215]: CLI server started v1.1.6
2026-03-04 23:19:29,053 [INFO] [MainThread] [cli_server/cli_server.py:106]: Log pipe server started
2026-03-04 23:19:29,078 [DEBUG] [MainThread] [qasync._windows._EventPoller/_windows.py:215]: Starting (proactor: <_IocpProactor overlapped#=0 result#=0>)...
2026-03-04 23:19:29,079 [DEBUG] [Dummy-3] [qasync._windows._EventWorker/_windows.py:195]: Thread started
2026-03-04 23:19:29,678 [INFO] [MainThread] [root/service.py:102]: UpdateCheckService initialized...
2026-03-04 23:19:29,735 [INFO] [MainThread] [root/bar_manager.py:88]: Starting KomorebiEventListener...
2026-03-04 23:19:29,736 [INFO] [MainThread] [root/bar_manager.py:88]: Starting WindowsNotificationEventListener...
2026-03-04 23:19:29,736 [INFO] [MainThread] [root/bar_manager.py:88]: Starting SystemEventListener...
2026-03-04 23:19:29,737 [INFO] [MainThread] [root/watcher.py:65]: Watching directory: c:\users\nalli\.config\yasb
2026-03-04 23:19:29,737 [INFO] [MainThread] [root/watcher.py:104]: Created file watcher
2026-03-04 23:19:29,809 [INFO] [Dummy-7] [root/event_listener.py:51]: Created named pipe yasb-7e84e78a-17f2-11f1-ab29-f387e1505a35
2026-03-04 23:19:29,841 [INFO] [MainThread] [root/update_service.py:429]: Background update checker started
2026-03-04 23:19:29,950 [INFO] [Dummy-7] [root/event_listener.py:125]: Komorebi connected to named pipe: yasb-7e84e78a-17f2-11f1-ab29-f387e1505a35
2026-03-04 23:19:30,335 [INFO] [MainThread] [root/api.py:69]: Fetching new weather data at 2026-03-04 23:19:30.335559
2026-03-04 23:29:30,322 [INFO] [MainThread] [root/api.py:69]: Fetching new weather data at 2026-03-04 23:29:30.321958
2026-03-04 23:39:30,176 [INFO] [MainThread] [root/api.py:69]: Fetching new weather data at 2026-03-04 23:39:30.176358
2026-03-04 23:49:29,961 [INFO] [MainThread] [root/api.py:69]: Fetching new weather data at 2026-03-04 23:49:29.961636
2026-03-04 23:59:30,457 [INFO] [MainThread] [root/api.py:69]: Fetching new weather data at 2026-03-04 23:59:30.457323
2026-03-05 00:09:30,153 [INFO] [MainThread] [root/api.py:69]: Fetching new weather data at 2026-03-05 00:09:30.153582
2026-03-05 00:19:31,568 [INFO] [MainThread] [root/api.py:69]: Fetching new weather data at 2026-03-05 00:19:31.568627
2026-03-05 00:29:30,948 [INFO] [MainThread] [root/api.py:69]: Fetching new weather data at 2026-03-05 00:29:30.948187
2026-03-05 00:39:30,059 [INFO] [MainThread] [root/api.py:69]: Fetching new weather data at 2026-03-05 00:39:30.059896
2026-03-05 00:49:31,463 [INFO] [MainThread] [root/api.py:69]: Fetching new weather data at 2026-03-05 00:49:31.463894
2026-03-05 00:56:14,379 [INFO] [MainThread] [root/bar_manager.py:104]: Stopping KomorebiEventListener...
2026-03-05 00:56:14,380 [INFO] [MainThread] [root/bar_manager.py:104]: Stopping WindowsNotificationEventListener...
2026-03-05 00:56:14,380 [INFO] [MainThread] [root/bar_manager.py:104]: Stopping SystemEventListener...
2026-03-05 00:56:14,418 [INFO] [Dummy-7] [root/event_listener.py:92]: Attempting to reconnect to Komorebi...
2026-03-05 23:39:04,600 [INFO] [MainThread] [root/log.py:95]: YASB v1.9.0
2026-03-05 23:39:04,601 [INFO] [CLIPipeServer] [cli_server/cli_server.py:215]: CLI server started v1.1.6
2026-03-05 23:39:04,601 [INFO] [MainThread] [cli_server/cli_server.py:106]: Log pipe server started
2026-03-05 23:39:04,760 [DEBUG] [MainThread] [qasync._windows._EventPoller/_windows.py:215]: Starting (proactor: <_IocpProactor overlapped#=0 result#=0>)...
2026-03-05 23:39:04,762 [DEBUG] [Dummy-3] [qasync._windows._EventWorker/_windows.py:195]: Thread started
2026-03-05 23:39:08,336 [INFO] [MainThread] [root/service.py:102]: UpdateCheckService initialized...
2026-03-05 23:39:08,585 [INFO] [MainThread] [root/bar_manager.py:88]: Starting WindowsNotificationEventListener...
2026-03-05 23:39:08,588 [INFO] [MainThread] [root/bar_manager.py:88]: Starting SystemEventListener...
2026-03-05 23:39:08,589 [INFO] [MainThread] [root/bar_manager.py:88]: Starting KomorebiEventListener...
2026-03-05 23:39:08,592 [INFO] [MainThread] [root/watcher.py:65]: Watching directory: c:\users\nalli\.config\yasb
2026-03-05 23:39:08,599 [INFO] [MainThread] [root/watcher.py:104]: Created file watcher
2026-03-05 23:39:08,599 [INFO] [Dummy-7] [root/event_listener.py:51]: Created named pipe yasb-67956a1b-18be-11f1-bb7b-da0c99bac6be
2026-03-05 23:39:09,731 [INFO] [MainThread] [root/update_service.py:429]: Background update checker started
2026-03-05 23:39:10,533 [INFO] [MainThread] [root/api.py:69]: Fetching new weather data at 2026-03-05 23:39:10.533419
2026-03-05 23:40:59,128 [INFO] [Dummy-7] [root/event_listener.py:125]: Komorebi connected to named pipe: yasb-67956a1b-18be-11f1-bb7b-da0c99bac6be
